Seconds,Value.EncoderPos,Value.LastLeftLickTime,Value.LastRightLickTime,Value.LastSyncPulseTime,Value.PhotodiodeValue,Value.Last2PFrameTime,Value.Last2PLineTime,Value.CurrentMillis
0.499,0,0,0,0,699,0,0,499
0.50700000000000001,0,0,0,0,701.80999755859375,0,0,507
0.51500000000000001,0,0,0,0,703,0,0,515
0.52300000000000002,0,0,0,0,703.3699951171875,0,0,523
0.53100000000000003,0,0,0,0,705.6500244140625,0,0,531
0.53900000000000003,0,0,0,0,706.8599853515625,0,0,539
0.54700000000000004,0,0,0,0,709.33001708984375,0,0,547
0.55500000000000005,0,0,0,0,711,0,0,555
0.56299999999999994,0,0,0,0,711.72998046875,0,0,563
0.57099999999999995,0,0,0,0,714.3499755859375,0,0,571
0.57899999999999996,0,0,0,0,715,0,0,579
0.58699999999999997,0,0,0,0,717.20001220703125,0,0,587
0.59499999999999997,0,0,0,0,718.05999755859375,0,0,595
0.60299999999999998,0,0,0,0,718.510009765625,0,0,603
0.61099999999999999,0,0,0,0,719.91998291015625,0,0,611
0.61899999999999999,0,0,0,0,720,0,0,619
0.627,0,0,0,0,721.22998046875,0,0,627
0.63500000000000001,0,0,0,0,723.1199951171875,0,0,635
0.64300000000000002,0,0,0,0,723.3599853515625,0,0,643
0.65100000000000002,0,0,0,0,725.66998291015625,0,0,651
0.65900000000000003,0,0,0,0,726,0,0,659
0.66700000000000004,0,0,0,0,727.21002197265625,0,0,667
0.67500000000000004,0,0,0,0,729,0,0,675
0.68300000000000005,0,0,0,0,729.82000732421875,0,0,683
0.69099999999999995,0,0,0,0,732.55999755859375,0,0,691
0.69899999999999995,0,0,0,0,733.0999755859375,0,0,699
0.70699999999999996,0,0,0,0,734.91998291015625,0,0,707
0.71499999999999997,0,0,0,0,736.8800048828125,0,0,715
0.72299999999999998,0,0,0,0,737.6300048828125,0,0,723
0.73099999999999998,0,0,0,0,740.22998046875,0,0,731
0.73899999999999999,0,0,0,0,741.25,0,0,739
0.747,0,0,0,0,743.27001953125,0,0,747
0.755,0,0,0,0,745.78997802734375,0,0,755
0.76300000000000001,0,0,0,0,746.30999755859375,0,0,763
0.77100000000000002,0,0,0,0,748.6099853515625,0,0,771
0.77900000000000003,0,0,0,0,749.96002197265625,0,0,779
0.78700000000000003,0,0,0,0,751.53997802734375,0,0,787
0.79500000000000004,0,0,0,0,753.02001953125,0,0,795
0.80300000000000005,0,0,0,0,753.3499755859375,0,0,803
0.81100000000000005,0,0,0,0,754.69000244140625,0,0,811
0.81899999999999995,0,0,0,0,755,0,0,819
0.82699999999999996,0,0,0,0,755.71002197265625,0,0,827
0.83499999999999996,0,0,0,0,757.4000244140625,0,0,835
0.84299999999999997,0,0,0,0,758.15997314453125,0,0,843
0.85099999999999998,0,0,0,0,760.58001708984375,0,0,851
0.85899999999999999,0,0,0,0,761.02001953125,0,0,859
0.86699999999999999,0,0,0,0,762.05999755859375,0,0,867
0.875,0,0,0,0,763.08001708984375,0,0,875
0.88300000000000001,0,0,0,0,763.52001953125,0,0,883
0.89100000000000001,0,0,0,0,765.79998779296875,0,0,891
0.89900000000000002,0,0,0,0,766,0,0,899
0.90700000000000003,0,0,0,0,766.8800048828125,0,0,907
0.91500000000000004,0,0,0,0,768.03997802734375,0,0,915
0.92300000000000004,0,0,0,0,768.33001708984375,0,0,923
0.93100000000000005,0,0,0,0,770.55999755859375,0,0,931
0.93899999999999995,0,0,0,0,771.02001953125,0,0,939
0.94699999999999995,0,0,0,0,772.80999755859375,0,0,947
0.95499999999999996,0,0,0,0,776.22998046875,0,0,955
0.96299999999999997,0,0,0,0,777.79998779296875,0,0,963
0.97099999999999997,0,0,0,0,780.5999755859375,0,0,971
0.97899999999999998,0,0,0,0,782,0,0,979
0.98699999999999999,0,0,0,0,783.1099853515625,0,0,987
0.995,0,0,0,0,784.03997802734375,0,0,995
1.0029999999999999,0,0,0,0,784.16998291015625,0,0,1003
1.0109999999999999,0,0,0,0,786.489990234375,0,0,1011
1.0189999999999999,0,0,0,0,787.94000244140625,0,0,1019
1.0269999999999999,0,0,0,0,789.72998046875,0,0,1027
1.0349999999999999,0,0,0,0,792.1199951171875,0,0,1035
1.0429999999999999,0,0,0,0,793.510009765625,0,0,1043
1.0509999999999999,0,0,0,0,795.22998046875,0,0,1051
1.0589999999999999,0,0,0,0,796.27001953125,0,0,1059
1.0669999999999999,0,0,0,0,798.1099853515625,0,0,1067
1.075,0,0,0,0,799.02001953125,0,0,1075
1.083,0,0,0,0,799.25,0,0,1083
1.091,0,0,0,0,800.97998046875,0,0,1091
1.099,0,0,0,0,802,0,0,1099
1.107,0,0,0,0,803.760009765625,0,0,1107
1.115,0,0,0,0,806.57000732421875,0,0,1115
1.123,0,0,0,0,807.219970703125,0,0,1123
1.131,0,0,0,0,809.75,0,0,1131
1.139,0,0,0,0,810.71002197265625,0,0,1139
1.147,0,0,0,0,812.77001953125,0,0,1147
1.155,0,0,0,0,815,0,0,1155
1.163,0,0,0,0,815.03997802734375,0,0,1163
1.171,0,0,0,0,816.17999267578125,0,0,1171
1.179,0,0,0,0,817.02001953125,0,0,1179
1.1870000000000001,0,0,0,0,817.59002685546875,0,0,1187
1.1950000000000001,0,0,0,0,818.8599853515625,0,0,1195
1.2030000000000001,0,0,0,0,819.05999755859375,0,0,1203
1.2110000000000001,0,0,0,0,820.91998291015625,0,0,1211
1.2190000000000001,0,0,0,0,822.08001708984375,0,0,1219
1.2270000000000001,0,0,0,0,822.77001953125,0,0,1227
1.2350000000000001,0,0,0,0,824.02001953125,0,0,1235
1.2430000000000001,0,0,0,0,824.57000732421875,0,0,1243
1.2509999999999999,0,0,0,0,826.5,0,0,1251
1.2589999999999999,0,0,0,0,827.02001953125,0,0,1259
1.2669999999999999,0,0,0,0,827.40997314453125,0,0,1267
1.2749999999999999,0,0,0,0,829.02001953125,0,0,1275
1.2829999999999999,0,0,0,0,829.02001953125,0,0,1283
1.2909999999999999,0,0,0,0,830.3699951171875,0,0,1291
1.2989999999999999,0,0,0,0,830.96002197265625,0,0,1299
1.3069999999999999,0,0,0,0,831.02001953125,0,0,1307
1.3149999999999999,0,0,0,0,832.0999755859375,0,0,1315
1.323,0,0,0,0,832.52001953125,0,0,1323
1.331,0,0,0,0,834.21002197265625,0,0,1331
1.339,0,0,0,0,835.02001953125,0,0,1339
1.347,0,0,0,0,835.8699951171875,0,0,1347
1.355,0,0,0,0,838.219970703125,0,0,1355
1.363,0,0,0,0,839.03997802734375,0,0,1363
1.371,0,0,0,0,841.04998779296875,0,0,1371
1.379,0,0,0,0,842.08001708984375,0,0,1379
1.387,0,0,0,0,842.3699951171875,0,0,1387
1.395,0,0,0,0,843.20001220703125,0,0,1395
1.403,0,0,0,0,843.1300048828125,0,0,1403
1.411,0,0,0,0,844.84002685546875,0,0,1411
1.419,0,0,0,0,845.780029296875,0,0,1419
1.427,0,0,0,0,846.47998046875,0,0,1427
1.4350000000000001,0,0,0,0,847.03997802734375,0,0,1435
1.4430000000000001,0,0,0,0,846.96002197265625,0,0,1443
1.4510000000000001,0,0,0,0,848.28997802734375,0,0,1451
1.4590000000000001,0,0,0,0,849,0,0,1459
1.4670000000000001,0,0,0,0,849.20001220703125,0,0,1467
1.4750000000000001,0,0,0,0,850.6099853515625,0,0,1475
1.4830000000000001,0,0,0,0,851,0,0,1483
1.4910000000000001,0,0,0,0,851.75,0,0,1491
1.4990000000000001,0,0,0,0,852.97998046875,0,0,1499
1.5069999999999999,0,0,0,0,853.33001708984375,0,0,1507
1.5149999999999999,0,0,0,0,855.54998779296875,0,0,1515
1.5229999999999999,0,0,0,0,856.25,0,0,1523
1.5309999999999999,0,0,0,0,857.33001708984375,0,0,1531
1.5389999999999999,0,0,0,0,858.07000732421875,0,0,1539
1.5469999999999999,0,0,0,0,858.3900146484375,0,0,1547
1.5549999999999999,0,0,0,0,859,0,0,1555
1.5629999999999999,0,0,0,0,858.05999755859375,0,0,1563
1.571,0,0,0,0,858.84002685546875,0,0,1571
1.579,0,0,0,0,858.92999267578125,0,0,1579
1.587,0,0,0,0,858.25,0,0,1587
1.595,0,0,0,0,859.05999755859375,0,0,1595
1.603,0,0,0,0,859,0,0,1603
1.611,0,0,0,0,860.3800048828125,0,0,1611
1.619,0,0,0,0,861.1400146484375,0,0,1619
1.627,0,0,0,0,861.45001220703125,0,0,1627
1.635,0,0,0,0,862.22998046875,0,0,1635
1.643,0,0,0,0,861.97998046875,0,0,1643
1.651,0,0,0,0,862.6500244140625,0,0,1651
1.659,0,0,0,0,862.78997802734375,0,0,1659
1.667,0,0,0,0,862.09002685546875,0,0,1667
1.675,0,0,0,0,862.94000244140625,0,0,1675
1.6830000000000001,0,0,0,0,862.59002685546875,0,0,1683
1.6910000000000001,0,0,0,0,862.9000244140625,0,0,1691
1.6990000000000001,0,0,0,0,862.97998046875,0,0,1699
1.7070000000000001,0,0,0,0,863.02001953125,0,0,1707
1.7150000000000001,0,0,0,0,863.69000244140625,0,0,1715
1.7230000000000001,0,0,0,0,864,0,0,1723
1.7310000000000001,0,0,0,0,864.8599853515625,0,0,1731
1.7390000000000001,0,0,0,0,865.96002197265625,0,0,1739
1.7470000000000001,0,0,0,0,866.28997802734375,0,0,1747
1.7549999999999999,0,0,0,0,868.04998779296875,0,0,1755
1.7629999999999999,0,0,0,0,868.02001953125,0,0,1763
1.7709999999999999,0,0,0,0,869.27001953125,0,0,1771
1.7789999999999999,0,0,0,0,870.82000732421875,0,0,1779
1.7869999999999999,0,0,0,0,871.05999755859375,0,0,1787
1.7949999999999999,0,0,0,0,872.90997314453125,0,0,1795
1.8029999999999999,0,0,0,0,874,0,0,1803
1.8109999999999999,0,0,0,0,874.94000244140625,0,0,1811
1.819,0,0,0,0,876.05999755859375,0,0,1819
1.827,0,0,0,0,876.3900146484375,0,0,1827
1.835,0,0,0,0,877.82000732421875,0,0,1835
1.843,0,0,0,0,877.97998046875,0,0,1843
1.851,0,0,0,0,878.3699951171875,0,0,1851
1.859,0,0,0,0,879,0,0,1859
1.867,0,0,0,0,879,0,0,1867
1.875,0,0,0,0,879.02001953125,0,0,1875
1.883,0,0,0,0,878.82000732421875,0,0,1883
1.891,0,0,0,0,879.5999755859375,0,0,1891
1.899,0,0,0,0,881,0,0,1899
1.907,0,0,0,0,880.30999755859375,0,0,1907
1.915,0,0,0,0,881.03997802734375,0,0,1915
1.923,0,0,0,0,880.02001953125,0,0,1923
1.931,0,0,0,0,880.03997802734375,0,0,1931
1.9390000000000001,0,0,0,0,880.82000732421875,0,0,1939
1.9470000000000001,0,0,0,0,880.1199951171875,0,0,1947
1.9550000000000001,0,0,0,0,881.15997314453125,0,0,1955
1.9630000000000001,0,0,0,0,880.95001220703125,0,0,1963
1.9710000000000001,0,0,0,0,881.0999755859375,0,0,1971
1.9790000000000001,0,0,0,0,881,0,0,1979
1.9870000000000001,0,0,0,0,880.94000244140625,0,0,1987
1.9950000000000001,0,0,0,0,881.9000244140625,0,0,1995
2.0030000000000001,0,0,0,0,881.80999755859375,0,0,2003
2.0110000000000001,0,0,0,0,882.07000732421875,0,0,2011
2.0190000000000001,0,0,0,0,882.94000244140625,0,0,2019
2.0270000000000001,0,0,0,0,882.19000244140625,0,0,2027
2.0350000000000001,0,0,0,0,882.1400146484375,0,0,2035
2.0430000000000001,0,0,0,0,881.75,0,0,2043
2.0510000000000002,0,0,0,0,881.5,0,0,2051
2.0590000000000002,0,0,0,0,881.91998291015625,0,0,2059
2.0670000000000002,0,0,0,0,880.75,0,0,2067
2.0750000000000002,0,0,0,0,881.02001953125,0,0,2075
2.0830000000000002,0,0,0,0,880.97998046875,0,0,2083
2.0910000000000002,0,0,0,0,881.45001220703125,0,0,2091
2.0990000000000002,0,0,0,0,882.15997314453125,0,0,2099
2.1070000000000002,0,0,0,0,882.03997802734375,0,0,2107
2.1150000000000002,0,0,0,0,883.0999755859375,0,0,2115
2.1230000000000002,0,0,0,0,883,0,0,2123
2.1309999999999998,0,0,0,0,883.08001708984375,0,0,2131
2.1389999999999998,0,0,0,0,884,0,0,2139
2.1469999999999998,0,0,0,0,884.1199951171875,0,0,2147
2.1549999999999998,0,0,0,0,885.02001953125,0,0,2155
2.1629999999999998,0,0,0,0,885.02001953125,0,0,2163
2.1709999999999998,0,0,0,0,885.1199951171875,0,0,2171
2.1789999999999998,0,0,0,0,886.07000732421875,0,0,2179
2.1869999999999998,0,0,0,0,886.1199951171875,0,0,2187
2.1949999999999998,0,0,0,0,886.8599853515625,0,0,2195
2.2029999999999998,0,0,0,0,886.97998046875,0,0,2203
2.2109999999999999,0,0,0,0,887.0999755859375,0,0,2211
2.2189999999999999,0,0,0,0,888.30999755859375,0,0,2219
2.2269999999999999,0,0,0,0,888.17999267578125,0,0,2227
2.2349999999999999,0,0,0,0,889.17999267578125,0,0,2235
2.2429999999999999,0,0,0,0,889.84002685546875,0,0,2243
2.2509999999999999,0,0,0,0,889.25,0,0,2251
2.2589999999999999,0,0,0,0,889.8800048828125,0,0,2259
2.2669999999999999,0,0,0,0,889,0,0,2267
2.2749999999999999,0,0,0,0,890.08001708984375,0,0,2275
2.2829999999999999,0,0,0,0,890.510009765625,0,0,2283
2.2909999999999999,0,0,0,0,890.8800048828125,0,0,2291
2.2989999999999999,0,0,0,0,892,0,0,2299
2.3069999999999999,0,0,0,0,892.02001953125,0,0,2307
2.3149999999999999,0,0,0,0,892.91998291015625,0,0,2315
2.323,0,0,0,0,893,0,0,2323
2.331,0,0,0,0,893.54998779296875,0,0,2331
2.339,0,0,0,0,894.57000732421875,0,0,2339
2.347,0,0,0,0,894.07000732421875,0,0,2347
2.355,0,0,0,0,894.03997802734375,0,0,2355
2.363,0,0,0,0,894.17999267578125,0,0,2363
2.371,0,0,0,0,894.08001708984375,0,0,2371
2.379,0,0,0,0,893.94000244140625,0,0,2379
2.387,0,0,0,0,894,0,0,2387
2.395,0,0,0,0,894.57000732421875,0,0,2395
2.403,0,0,0,0,894.77001953125,0,0,2403
2.411,0,0,0,0,894.08001708984375,0,0,2411
2.419,0,0,0,0,894.08001708984375,0,0,2419
2.427,0,0,0,0,893.78997802734375,0,0,2427
2.4350000000000001,0,0,0,0,894.09002685546875,0,0,2435
2.4430000000000001,0,0,0,0,894.05999755859375,0,0,2443
2.4510000000000001,0,0,0,0,894.1199951171875,0,0,2451
2.4590000000000001,0,0,0,0,894.08001708984375,0,0,2459
2.4670000000000001,0,0,0,0,894.02001953125,0,0,2467
2.4750000000000001,0,0,0,0,894.8599853515625,0,0,2475
2.4830000000000001,0,0,0,0,894.94000244140625,0,0,2483
2.4910000000000001,0,0,0,0,894.20001220703125,0,0,2491
2.4990000000000001,0,0,0,0,895.0999755859375,0,0,2499
2.5070000000000001,0,0,0,0,894.30999755859375,0,0,2507
2.5150000000000001,0,0,0,0,894.16998291015625,0,0,2515
2.5230000000000001,0,0,0,0,894.02001953125,0,0,2523
2.5310000000000001,0,0,0,0,894.3900146484375,0,0,2531
2.5390000000000001,0,0,0,0,894.94000244140625,0,0,2539
2.5470000000000002,0,0,0,0,894.0999755859375,0,0,2547
2.5550000000000002,0,0,0,0,894.760009765625,0,0,2555
2.5630000000000002,0,0,0,0,895.04998779296875,0,0,2563
2.5710000000000002,0,0,0,0,894.8800048828125,0,0,2571
2.5790000000000002,0,0,0,0,895.45001220703125,0,0,2579
2.5870000000000002,0,0,0,0,894.6500244140625,0,0,2587
2.5950000000000002,0,0,0,0,894.16998291015625,0,0,2595
2.6030000000000002,0,0,0,0,893.95001220703125,0,0,2603
2.6110000000000002,0,0,0,0,894.02001953125,0,0,2611
2.6190000000000002,0,0,0,0,894.8599853515625,0,0,2619
2.6269999999999998,0,0,0,0,894.41998291015625,0,0,2627
2.6349999999999998,0,0,0,0,894.6500244140625,0,0,2635
2.6429999999999998,0,0,0,0,894.91998291015625,0,0,2643
2.6509999999999998,0,0,0,0,894.22998046875,0,0,2651
2.6589999999999998,0,0,0,0,894.77001953125,0,0,2659
2.6669999999999998,0,0,0,0,894.02001953125,0,0,2667
2.6749999999999998,0,0,0,0,894.3900146484375,0,0,2675
2.6829999999999998,0,0,0,0,894.6199951171875,0,0,2683
2.6909999999999998,0,0,0,0,894.04998779296875,0,0,2691
2.6989999999999998,0,0,0,0,894.17999267578125,0,0,2699
2.7069999999999999,0,0,0,0,894.0999755859375,0,0,2707
2.7149999999999999,0,0,0,0,894.53997802734375,0,0,2715
2.7229999999999999,0,0,0,0,894.72998046875,0,0,2723
2.7309999999999999,0,0,0,0,894.07000732421875,0,0,2731
2.7389999999999999,0,0,0,0,894.97998046875,0,0,2739
2.7469999999999999,0,0,0,0,894.71002197265625,0,0,2747
2.7549999999999999,0,0,0,0,894.8800048828125,0,0,2755
2.7629999999999999,0,0,0,0,895.0999755859375,0,0,2763
2.7709999999999999,0,0,0,0,894.19000244140625,0,0,2771
2.7789999999999999,0,0,0,0,894.34002685546875,0,0,2779
2.7869999999999999,0,0,0,0,893.91998291015625,0,0,2787
2.7949999999999999,0,0,0,0,893.5999755859375,0,0,2795
2.8029999999999999,0,0,0,0,894.05999755859375,0,0,2803
2.8109999999999999,0,0,0,0,893.05999755859375,0,0,2811
2.819,0,0,0,0,893.1099853515625,0,0,2819
2.827,0,0,0,0,893,0,0,2827
2.835,0,0,0,0,893.03997802734375,0,0,2835
2.843,0,0,0,0,892.6099853515625,0,0,2843
2.851,0,0,0,0,892.27001953125,0,0,2851
2.859,0,0,0,0,893.97998046875,0,0,2859
2.867,0,0,0,0,894.489990234375,0,0,2867
2.875,0,0,0,0,894.54998779296875,0,0,2875
2.883,0,0,0,0,894.55999755859375,0,0,2883
2.891,0,0,0,0,894.20001220703125,0,0,2891
2.899,0,0,0,0,895.02001953125,0,0,2899
2.907,0,0,0,0,894.1300048828125,0,0,2907
2.915,0,0,0,0,894.3699951171875,0,0,2915
2.923,0,0,0,0,894.66998291015625,0,0,2923
2.931,0,0,0,0,894.15997314453125,0,0,2931
2.9390000000000001,0,0,0,0,894.25,0,0,2939
2.9470000000000001,0,0,0,0,894,0,0,2947
2.9550000000000001,0,0,0,0,894.54998779296875,0,0,2955
2.9630000000000001,0,0,0,0,894.69000244140625,0,0,2963
2.9710000000000001,0,0,0,0,894.05999755859375,0,0,2971
2.9790000000000001,0,0,0,0,894.71002197265625,0,0,2979
2.9870000000000001,0,0,0,0,894.1400146484375,0,0,2987
2.9950000000000001,0,0,0,0,894.30999755859375,0,0,2995
3.0030000000000001,0,0,0,0,894.8599853515625,0,0,3003
3.0110000000000001,0,0,0,0,894.17999267578125,0,0,3011
3.0190000000000001,0,0,0,0,895.1500244140625,0,0,3019
3.0270000000000001,0,0,0,0,895.27001953125,0,0,3027
3.0350000000000001,0,0,0,0,895.52001953125,0,0,3035
3.0430000000000001,0,0,0,0,897.1199951171875,0,0,3043
3.0510000000000002,0,0,0,0,898.1400146484375,0,0,3051
3.0590000000000002,0,0,0,0,899.58001708984375,0,0,3059
3.0670000000000002,0,0,0,0,900.219970703125,0,0,3067
3.0750000000000002,0,0,0,0,900.77001953125,0,0,3075
3.0830000000000002,0,0,0,0,902.28997802734375,0,0,3083
3.0910000000000002,0,0,0,0,903.17999267578125,0,0,3091
3.0990000000000002,0,0,0,0,904.15997314453125,0,0,3099
3.1070000000000002,0,0,0,0,905.03997802734375,0,0,3107
3.1150000000000002,0,0,0,0,905.6400146484375,0,0,3115
3.1230000000000002,0,0,0,0,907.45001220703125,0,0,3123
3.1309999999999998,0,0,0,0,908.45001220703125,0,0,3131
3.1389999999999998,0,0,0,0,910.53997802734375,0,0,3139
3.1469999999999998,0,0,0,0,910.71002197265625,0,0,3147
3.1549999999999998,0,0,0,0,910.8599853515625,0,0,3155
3.1629999999999998,0,0,0,0,911.67999267578125,0,0,3163
3.1709999999999998,0,0,0,0,910.8800048828125,0,0,3171
3.1789999999999998,0,0,0,0,911.780029296875,0,0,3179
3.1869999999999998,0,0,0,0,911.97998046875,0,0,3187
3.1949999999999998,0,0,0,0,912.530029296875,0,0,3195
3.2029999999999998,0,0,0,0,912.97998046875,0,0,3203
3.2109999999999999,0,0,0,0,912.22998046875,0,0,3211
3.2189999999999999,0,0,0,0,913.469970703125,0,0,3219
3.2269999999999999,0,0,0,0,914,0,0,3227
3.2349999999999999,0,0,0,0,914.33001708984375,0,0,3235
3.2429999999999999,0,0,0,0,914.97998046875,0,0,3243
3.2509999999999999,0,0,0,0,915.1400146484375,0,0,3251
3.2589999999999999,0,0,0,0,916.53997802734375,0,0,3259
3.2669999999999999,0,0,0,0,917.0999755859375,0,0,3267
3.2749999999999999,0,0,0,0,917.42999267578125,0,0,3275
3.2829999999999999,0,0,0,0,918.54998779296875,0,0,3283
3.2909999999999999,0,0,0,0,918.92999267578125,0,0,3291
3.2989999999999999,0,0,0,0,919.71002197265625,0,0,3299
3.3069999999999999,0,0,0,0,920.66998291015625,0,0,3307
3.3149999999999999,0,0,0,0,921.30999755859375,0,0,3315
3.323,0,0,0,0,923.05999755859375,0,0,3323
3.331,0,0,0,0,923.04998779296875,0,0,3331
3.339,0,0,0,0,924.219970703125,0,0,3339
3.347,0,0,0,0,925.1199951171875,0,0,3347
3.355,0,0,0,0,925.17999267578125,0,0,3355
3.363,0,0,0,0,926.1400146484375,0,0,3363
3.371,0,0,0,0,925.22998046875,0,0,3371
3.379,0,0,0,0,925.84002685546875,0,0,3379
3.387,0,0,0,0,926.02001953125,0,0,3387
3.395,0,0,0,0,926.02001953125,0,0,3395
3.403,0,0,0,0,926.05999755859375,0,0,3403
3.411,0,0,0,0,926.03997802734375,0,0,3411
3.419,0,0,0,0,926.40997314453125,0,0,3419
3.427,0,0,0,0,926.94000244140625,0,0,3427
3.4350000000000001,0,0,0,0,926.47998046875,0,0,3435
3.4430000000000001,0,0,0,0,927.03997802734375,0,0,3443
3.4510000000000001,0,0,0,0,926.0999755859375,0,0,3451
3.4590000000000001,0,0,0,0,926.8599853515625,0,0,3459
3.4670000000000001,0,0,0,0,926.75,0,0,3467
3.4750000000000001,0,0,0,0,926.15997314453125,0,0,3475
3.4830000000000001,0,0,0,0,926.96002197265625,0,0,3483
3.4910000000000001,0,0,0,0,926.3699951171875,0,0,3491
3.4990000000000001,0,0,0,0,926.8699951171875,0,0,3499
3.5070000000000001,0,0,0,0,927.8599853515625,0,0,3507
3.5150000000000001,0,0,0,0,928.20001220703125,0,0,3515
3.5230000000000001,0,0,0,0,929.03997802734375,0,0,3523
3.5310000000000001,0,0,0,0,929.03997802734375,0,0,3531
3.5390000000000001,0,0,0,0,929.69000244140625,0,0,3539
3.5470000000000002,0,0,0,0,930.07000732421875,0,0,3547
3.5550000000000002,0,0,0,0,930.6500244140625,0,0,3555
3.5630000000000002,0,0,0,0,932.02001953125,0,0,3563
3.5710000000000002,0,0,0,0,932.1199951171875,0,0,3571
3.5790000000000002,0,0,0,0,933.469970703125,0,0,3579
3.5870000000000002,0,0,0,0,935.02001953125,0,0,3587
3.5950000000000002,0,0,0,0,935.1199951171875,0,0,3595
3.6030000000000002,0,0,0,0,936.72998046875,0,0,3603
3.6110000000000002,0,0,0,0,937.25,0,0,3611
3.6190000000000002,0,0,0,0,938.66998291015625,0,0,3619
3.6269999999999998,0,0,0,0,939.09002685546875,0,0,3627
3.6349999999999998,0,0,0,0,938.8599853515625,0,0,3635
3.6429999999999998,0,0,0,0,939.42999267578125,0,0,3643
3.6509999999999998,0,0,0,0,940.02001953125,0,0,3651
3.6589999999999998,0,0,0,0,940.9000244140625,0,0,3659
3.6669999999999998,0,0,0,0,941.91998291015625,0,0,3667
3.6749999999999998,0,0,0,0,942.09002685546875,0,0,3675
3.6829999999999998,0,0,0,0,942.80999755859375,0,0,3683
3.6909999999999998,0,0,0,0,942.15997314453125,0,0,3691
3.6989999999999998,0,0,0,0,942.1199951171875,0,0,3699
3.7069999999999999,0,0,0,0,942.96002197265625,0,0,3707
3.7149999999999999,0,0,0,0,942.3599853515625,0,0,3715
3.7229999999999999,0,0,0,0,943,0,0,3723
3.7309999999999999,0,0,0,0,942.3699951171875,0,0,3731
3.7389999999999999,0,0,0,0,942.0999755859375,0,0,3739
3.7469999999999999,0,0,0,0,942.08001708984375,0,0,3747
3.7549999999999999,0,0,0,0,942.04998779296875,0,0,3755
3.7629999999999999,0,0,0,0,943.02001953125,0,0,3763
3.7709999999999999,0,0,0,0,942.3900146484375,0,0,3771
3.7789999999999999,0,0,0,0,942.530029296875,0,0,3779
3.7869999999999999,0,0,0,0,942.45001220703125,0,0,3787
3.7949999999999999,0,0,0,0,942.05999755859375,0,0,3795
3.8029999999999999,0,0,0,0,942.1400146484375,0,0,3803
3.8109999999999999,0,0,0,0,941.91998291015625,0,0,3811
3.819,0,0,0,0,942.469970703125,0,0,3819
3.827,0,0,0,0,942.91998291015625,0,0,3827
3.835,0,0,0,0,942.71002197265625,0,0,3835
3.843,0,0,0,0,943.1400146484375,0,0,3843
3.851,0,0,0,0,942.6300048828125,0,0,3851
3.859,0,0,0,0,942.80999755859375,0,0,3859
3.867,0,0,0,0,942.8800048828125,0,0,3867
3.875,0,0,0,0,942.08001708984375,0,0,3875
3.883,0,0,0,0,942.52001953125,0,0,3883
3.891,0,0,0,0,942.19000244140625,0,0,3891
3.899,0,0,0,0,942.75,0,0,3899
3.907,0,0,0,0,942.79998779296875,0,0,3907
3.915,0,0,0,0,942.02001953125,0,0,3915
3.923,0,0,0,0,942.57000732421875,0,0,3923
3.931,0,0,0,0,942.09002685546875,0,0,3931
3.9390000000000001,0,0,0,0,942.0999755859375,0,0,3939
3.9470000000000001,0,0,0,0,942.91998291015625,0,0,3947
3.9550000000000001,0,0,0,0,942.0999755859375,0,0,3955
3.9630000000000001,0,0,0,0,942.79998779296875,0,0,3963
3.9710000000000001,0,0,0,0,942.25,0,0,3971
3.9790000000000001,0,0,0,0,942.52001953125,0,0,3979
3.9870000000000001,0,0,0,0,942.97998046875,0,0,3987
3.9950000000000001,0,0,0,0,942.780029296875,0,0,3995
4.0030000000000001,0,0,0,0,943.03997802734375,0,0,4003
4.0110000000000001,0,0,0,0,942.5,0,0,4011
4.0190000000000001,0,0,0,0,942.1199951171875,0,0,4019
4.0270000000000001,0,0,0,0,942.20001220703125,0,0,4027
4.0350000000000001,0,0,0,0,941.22998046875,0,0,4035
4.0430000000000001,0,0,0,0,942.03997802734375,0,0,4043
4.0510000000000002,0,0,0,0,942.510009765625,0,0,4051
4.0590000000000002,0,0,0,0,942.6400146484375,0,0,4059
4.0670000000000002,0,0,0,0,943.1199951171875,0,0,4067
4.0750000000000002,0,0,0,0,942.08001708984375,0,0,4075
4.0830000000000002,0,0,0,0,943.03997802734375,0,0,4083
4.0910000000000002,0,0,0,0,942.8800048828125,0,0,4091
4.0990000000000002,0,0,0,0,942.95001220703125,0,0,4099
4.1070000000000002,0,0,0,0,943.780029296875,0,0,4107
4.1150000000000002,0,0,0,0,943.3499755859375,0,0,4115
4.1230000000000002,0,0,0,0,943.4000244140625,0,0,4123
4.1310000000000002,0,0,0,0,943.96002197265625,0,0,4131
4.1390000000000002,0,0,0,0,944.02001953125,0,0,4139
4.1470000000000002,0,0,0,0,944.33001708984375,0,0,4147
4.1550000000000002,0,0,0,0,943.0999755859375,0,0,4155
4.1630000000000003,0,0,0,0,943.219970703125,0,0,4163
4.1710000000000003,0,0,0,0,942.780029296875,0,0,4171
4.1790000000000003,0,0,0,0,943,0,0,4179
4.1870000000000003,0,0,0,0,943.32000732421875,0,0,4187
4.1950000000000003,0,0,0,0,942.30999755859375,0,0,4195
4.2030000000000003,0,0,0,0,943.03997802734375,0,0,4203
4.2110000000000003,0,0,0,0,942.41998291015625,0,0,4211
4.2190000000000003,0,0,0,0,941.8800048828125,0,0,4219
4.2270000000000003,0,0,0,0,942.65997314453125,0,0,4227
4.2350000000000003,0,0,0,0,942.1500244140625,0,0,4235
4.2430000000000003,0,0,0,0,943.6099853515625,0,0,4243
4.2510000000000003,0,0,0,0,943.54998779296875,0,0,4251
4.2590000000000003,0,0,0,0,943.03997802734375,0,0,4259
4.2670000000000003,0,0,0,0,943.8900146484375,0,0,4267
4.2750000000000004,0,0,0,0,943.25,0,0,4275
4.2830000000000004,0,0,0,0,943.8800048828125,0,0,4283
4.2910000000000004,0,0,0,0,943.97998046875,0,0,4291
4.2990000000000004,0,0,0,0,944.02001953125,0,0,4299
4.3070000000000004,0,0,0,0,944.02001953125,0,0,4307
4.3150000000000004,0,0,0,0,943.1099853515625,0,0,4315
4.3230000000000004,0,0,0,0,943.16998291015625,0,0,4323
4.3310000000000004,0,0,0,0,942.69000244140625,0,0,4331
4.3390000000000004,0,0,0,0,942.3900146484375,0,0,4339
4.3470000000000004,0,0,0,0,943,0,0,4347
4.3550000000000004,0,0,0,0,942.489990234375,0,0,4355
4.3630000000000004,0,0,0,0,942.69000244140625,0,0,4363
4.3710000000000004,0,0,0,0,942.79998779296875,0,0,4371
4.3789999999999996,0,0,0,0,942.219970703125,0,0,4379
4.3869999999999996,0,0,0,0,943,0,0,4387
4.3949999999999996,0,0,0,0,942.42999267578125,0,0,4395
4.4029999999999996,0,0,0,0,943.0999755859375,0,0,4403
4.4109999999999996,0,0,0,0,942.54998779296875,0,0,4411
4.4189999999999996,0,0,0,0,942.27001953125,0,0,4419
4.4269999999999996,0,0,0,0,943.239990234375,0,0,4427
4.4349999999999996,0,0,0,0,942.6300048828125,0,0,4435
4.4429999999999996,0,0,0,0,942.8599853515625,0,0,4443
4.4509999999999996,0,0,0,0,942.71002197265625,0,0,4451
4.4589999999999996,0,0,0,0,942.42999267578125,0,0,4459
4.4669999999999996,0,0,0,0,943.510009765625,0,0,4467
4.4749999999999996,0,0,0,0,942.8800048828125,0,0,4475
4.4829999999999997,0,0,0,0,942.95001220703125,0,0,4483
4.4909999999999997,0,0,0,0,942.6099853515625,0,0,4491
4.4989999999999997,0,0,0,0,942.25,0,0,4499
4.5069999999999997,0,0,0,0,943.02001953125,0,0,4507
4.5149999999999997,0,0,0,0,942.8599853515625,0,0,4515
4.5229999999999997,0,0,0,0,943.02001953125,0,0,4523
4.5309999999999997,0,0,0,0,942.53997802734375,0,0,4531
4.5389999999999997,0,0,0,0,942.08001708984375,0,0,4539
4.5469999999999997,0,0,0,0,942.8599853515625,0,0,4547
4.5549999999999997,0,0,0,0,942.42999267578125,0,0,4555
4.5629999999999997,0,0,0,0,942.9000244140625,0,0,4563
4.5709999999999997,0,0,0,0,943.04998779296875,0,0,4571
4.5789999999999997,0,0,0,0,942.3699951171875,0,0,4579
4.5869999999999997,0,0,0,0,943.17999267578125,0,0,4587
4.5949999999999998,0,0,0,0,941.80999755859375,0,0,4595
4.6029999999999998,0,0,0,0,942.30999755859375,0,0,4603
4.6109999999999998,0,0,0,0,942.92999267578125,0,0,4611
4.6189999999999998,0,0,0,0,942.72998046875,0,0,4619
4.6269999999999998,0,0,0,0,943.1300048828125,0,0,4627
4.6349999999999998,0,0,0,0,942.40997314453125,0,0,4635
4.6429999999999998,0,0,0,0,942.57000732421875,0,0,4643
4.6509999999999998,0,0,0,0,942.95001220703125,0,0,4651
4.6589999999999998,0,0,0,0,942.6300048828125,0,0,4659
4.6669999999999998,0,0,0,0,943.1300048828125,0,0,4667
4.6749999999999998,0,0,0,0,942.71002197265625,0,0,4675
4.6829999999999998,0,0,0,0,942.25,0,0,4683
4.6909999999999998,0,0,0,0,942.3800048828125,0,0,4691
4.6989999999999998,0,0,0,0,942.15997314453125,0,0,4699
4.7069999999999999,0,0,0,0,942.96002197265625,0,0,4707
4.7149999999999999,0,0,0,0,942.25,0,0,4715
4.7229999999999999,0,0,0,0,942.03997802734375,0,0,4723
4.7309999999999999,0,0,0,0,941.6199951171875,0,0,4731
4.7389999999999999,0,0,0,0,941.07000732421875,0,0,4739
4.7469999999999999,0,0,0,0,942.1400146484375,0,0,4747
4.7549999999999999,0,0,0,0,941.80999755859375,0,0,4755
4.7629999999999999,0,0,0,0,941.66998291015625,0,0,4763
4.7709999999999999,0,0,0,0,942.69000244140625,0,0,4771
4.7789999999999999,0,0,0,0,942.09002685546875,0,0,4779
4.7869999999999999,0,0,0,0,942.78997802734375,0,0,4787
4.7949999999999999,0,0,0,0,942.469970703125,0,0,4795
4.8029999999999999,0,0,0,0,942.8599853515625,0,0,4803
4.8109999999999999,0,0,0,0,943,0,0,4811
4.819,0,0,0,0,942.53997802734375,0,0,4819
4.827,0,0,0,0,943,0,0,4827
4.835,0,0,0,0,942.30999755859375,0,0,4835
4.843,0,0,0,0,942.52001953125,0,0,4843
4.851,0,0,0,0,943.03997802734375,0,0,4851
4.859,0,0,0,0,942.1400146484375,0,0,4859
4.867,0,0,0,0,942.07000732421875,0,0,4867
4.875,0,0,0,0,941.97998046875,0,0,4875
4.883,0,0,0,0,942.05999755859375,0,0,4883
4.891,0,0,0,0,941.97998046875,0,0,4891
4.899,0,0,0,0,941.47998046875,0,0,4899
4.907,0,0,0,0,942.79998779296875,0,0,4907
4.915,0,0,0,0,942.82000732421875,0,0,4915
4.923,0,0,0,0,943.02001953125,0,0,4923
4.931,0,0,0,0,943.08001708984375,0,0,4931
4.9390000000000001,0,0,0,0,942.69000244140625,0,0,4939
4.9470000000000001,0,0,0,0,942.97998046875,0,0,4947
4.9550000000000001,0,0,0,0,942.09002685546875,0,0,4955
4.9630000000000001,0,0,0,0,942.28997802734375,0,0,4963
4.9710000000000001,0,0,0,0,942.97998046875,0,0,4971
4.9790000000000001,0,0,0,0,942.8800048828125,0,0,4979
4.9870000000000001,0,0,0,0,943.1400146484375,0,0,4987
4.9950000000000001,0,0,0,0,942.5999755859375,0,0,4995
5.0030000000000001,0,0,0,0,942.3699951171875,0,0,5003
5.0110000000000001,0,0,0,0,942.94000244140625,0,0,5011
5.0190000000000001,0,0,0,0,942.3900146484375,0,0,5019
5.0270000000000001,0,0,0,0,943.1500244140625,0,0,5027
5.0350000000000001,0,0,0,0,943.1400146484375,0,0,5035
5.0430000000000001,0,0,0,0,943.08001708984375,0,0,5043
5.0510000000000002,0,0,0,0,943.1199951171875,0,0,5051
5.0590000000000002,0,0,0,0,942.9000244140625,0,0,5059
5.0670000000000002,0,0,0,0,943.84002685546875,0,0,5067
5.0750000000000002,0,0,0,0,943.97998046875,0,0,5075
5.0830000000000002,0,0,0,0,943.40997314453125,0,0,5083
5.0910000000000002,0,0,0,0,942.8599853515625,0,0,5091
5.0990000000000002,0,0,0,0,941.5999755859375,0,0,5099
5.1070000000000002,0,0,0,0,942.239990234375,0,0,5107
5.1150000000000002,0,0,0,0,942.1199951171875,0,0,5115
5.1230000000000002,0,0,0,0,942.1099853515625,0,0,5123
5.1310000000000002,0,0,0,0,942.80999755859375,0,0,5131
5.1390000000000002,0,0,0,0,942.20001220703125,0,0,5139
5.1470000000000002,0,0,0,0,942.94000244140625,0,0,5147
5.1550000000000002,0,0,0,0,942.71002197265625,0,0,5155
5.1630000000000003,0,0,0,0,942.25,0,0,5163
5.1710000000000003,0,0,0,0,943,0,0,5171
5.1790000000000003,0,0,0,0,942.1199951171875,0,0,5179
5.1870000000000003,0,0,0,0,943.55999755859375,0,0,5187
5.1950000000000003,0,0,0,0,943.66998291015625,0,0,5195
5.2030000000000003,0,0,0,0,943.6300048828125,0,0,5203
5.2110000000000003,0,0,0,0,944.07000732421875,0,0,5211
5.2190000000000003,0,0,0,0,943.8499755859375,0,0,5219
5.2270000000000003,0,0,0,0,944.469970703125,0,0,5227
5.2350000000000003,0,0,0,0,943.8599853515625,0,0,5235
5.2430000000000003,0,0,0,0,943.05999755859375,0,0,5243
5.2510000000000003,0,0,0,0,943.79998779296875,0,0,5251
5.2590000000000003,0,0,0,0,943.239990234375,0,0,5259
5.2670000000000003,0,0,0,0,943.03997802734375,0,0,5267
5.2750000000000004,0,0,0,0,942.760009765625,0,0,5275
5.2830000000000004,0,0,0,0,942.1300048828125,0,0,5283
5.2910000000000004,0,0,0,0,942.8599853515625,0,0,5291
5.2990000000000004,0,0,0,0,941.91998291015625,0,0,5299
5.3070000000000004,0,0,0,0,942.84002685546875,0,0,5307
5.3150000000000004,0,0,0,0,942.96002197265625,0,0,5315
5.3230000000000004,0,0,0,0,942.3499755859375,0,0,5323
5.3310000000000004,0,0,0,0,942.75,0,0,5331
5.3390000000000004,0,0,0,0,942.09002685546875,0,0,5339
5.3470000000000004,0,0,0,0,942.52001953125,0,0,5347
5.3550000000000004,0,0,0,0,942.84002685546875,0,0,5355
5.3630000000000004,0,0,0,0,943.1199951171875,0,0,5363
5.3710000000000004,0,0,0,0,944.1500244140625,0,0,5371
5.3789999999999996,0,0,0,0,943.5,0,0,5379
5.3869999999999996,0,0,0,0,943.40997314453125,0,0,5387
5.3949999999999996,0,0,0,0,943.3699951171875,0,0,5395
5.4029999999999996,0,0,0,0,942.5,0,0,5403
5.4109999999999996,0,0,0,0,943.28997802734375,0,0,5411
5.4189999999999996,0,0,0,0,942.84002685546875,0,0,5419
5.4269999999999996,0,0,0,0,942.78997802734375,0,0,5427
5.4349999999999996,0,0,0,0,943,0,0,5435
5.4429999999999996,0,0,0,0,942.510009765625,0,0,5443
5.4509999999999996,0,0,0,0,943.59002685546875,0,0,5451
5.4589999999999996,0,0,0,0,943.03997802734375,0,0,5459
5.4669999999999996,0,0,0,0,943.22998046875,0,0,5467
5.4749999999999996,0,0,0,0,943.6300048828125,0,0,5475
5.4829999999999997,0,0,0,0,942.75,0,0,5483
5.4909999999999997,0,0,0,0,943.03997802734375,0,0,5491
5.4989999999999997,0,0,0,0,942.02001953125,0,0,5499
5.5069999999999997,0,0,0,0,942.6400146484375,0,0,5507
5.5149999999999997,0,0,0,0,942.9000244140625,0,0,5515
5.5229999999999997,0,0,0,0,942.8800048828125,0,0,5523
5.5309999999999997,0,0,0,0,942.97998046875,0,0,5531
5.5389999999999997,0,0,0,0,942.28997802734375,0,0,5539
5.5469999999999997,0,0,0,0,942.72998046875,0,0,5547
5.5549999999999997,0,0,0,0,943.08001708984375,0,0,5555
5.5629999999999997,0,0,0,0,942.1400146484375,0,0,5563
5.5709999999999997,0,0,0,0,942.72998046875,0,0,5571
5.5789999999999997,0,0,0,0,942.27001953125,0,0,5579
5.5869999999999997,0,0,0,0,942.08001708984375,0,0,5587
5.5949999999999998,0,0,0,0,942.07000732421875,0,0,5595
5.6029999999999998,0,0,0,0,942.1199951171875,0,0,5603
5.6109999999999998,0,0,0,0,942.75,0,0,5611
5.6189999999999998,0,0,0,0,942.66998291015625,0,0,5619
5.6269999999999998,0,0,0,0,942.469970703125,0,0,5627
5.6349999999999998,0,0,0,0,942.90997314453125,0,0,5635
5.6429999999999998,0,0,0,0,942.30999755859375,0,0,5643
5.6509999999999998,0,0,0,0,943.05999755859375,0,0,5651
5.6589999999999998,0,0,0,0,942.3900146484375,0,0,5659
5.6669999999999998,0,0,0,0,942.44000244140625,0,0,5667
5.6749999999999998,0,0,0,0,942.77001953125,0,0,5675
5.6829999999999998,0,0,0,0,942.25,0,0,5683
5.6909999999999998,0,0,0,0,942.219970703125,0,0,5691
5.6989999999999998,0,0,0,0,942.02001953125,0,0,5699
5.7069999999999999,0,0,0,0,942.1300048828125,0,0,5707
5.7149999999999999,0,0,0,0,942.510009765625,0,0,5715
5.7229999999999999,0,0,0,0,942.1099853515625,0,0,5723
5.7309999999999999,0,0,0,0,942.8800048828125,0,0,5731
5.7389999999999999,0,0,0,0,942.8800048828125,0,0,5739
5.7469999999999999,0,0,0,0,942.780029296875,0,0,5747
5.7549999999999999,0,0,0,0,942.760009765625,0,0,5755
5.7629999999999999,0,0,0,0,942.02001953125,0,0,5763
5.7709999999999999,0,0,0,0,942.52001953125,0,0,5771
5.7789999999999999,0,0,0,0,942.08001708984375,0,0,5779
5.7869999999999999,0,0,0,0,942.28997802734375,0,0,5787
5.7949999999999999,0,0,0,0,942.80999755859375,0,0,5795
5.8029999999999999,0,0,0,0,942.77001953125,0,0,5803
5.8109999999999999,0,0,0,0,943.510009765625,0,0,5811
5.819,0,0,0,0,943.59002685546875,0,0,5819
5.827,0,0,0,0,943.0999755859375,0,0,5827
5.835,0,0,0,0,943.03997802734375,0,0,5835
5.843,0,0,0,0,942.3900146484375,0,0,5843
5.851,0,0,0,0,943.02001953125,0,0,5851
5.859,0,0,0,0,942.3699951171875,0,0,5859
5.867,0,0,0,0,942.66998291015625,0,0,5867
5.875,0,0,0,0,943.0999755859375,0,0,5875
5.883,0,0,0,0,942.33001708984375,0,0,5883
5.891,0,0,0,0,942.77001953125,0,0,5891
5.899,0,0,0,0,942.30999755859375,0,0,5899
5.907,0,0,0,0,941.760009765625,0,0,5907
5.915,0,0,0,0,942,0,0,5915
5.923,0,0,0,0,942.21002197265625,0,0,5923
5.931,0,0,0,0,943.3900146484375,0,0,5931
5.9390000000000001,0,0,0,0,943.72998046875,0,0,5939
5.9470000000000001,0,0,0,0,943.03997802734375,0,0,5947
5.9550000000000001,0,0,0,0,944,0,0,5955
5.9630000000000001,0,0,0,0,943.82000732421875,0,0,5963
5.9710000000000001,0,0,0,0,944.20001220703125,0,0,5971
5.9790000000000001,0,0,0,0,943.72998046875,0,0,5979
5.9870000000000001,0,0,0,0,943.03997802734375,0,0,5987
5.9950000000000001,0,0,0,0,943.05999755859375,0,0,5995
6.0030000000000001,0,0,0,0,942.94000244140625,0,0,6003
6.0110000000000001,0,0,0,0,943.6199951171875,0,0,6011
6.0190000000000001,0,0,0,0,943.3599853515625,0,0,6019
6.0270000000000001,0,0,0,0,942.91998291015625,0,0,6027
6.0350000000000001,0,0,0,0,942.94000244140625,0,0,6035
6.0430000000000001,0,0,0,0,942.08001708984375,0,0,6043
6.0510000000000002,0,0,0,0,942.8800048828125,0,0,6051
6.0590000000000002,0,0,0,0,942.75,0,0,6059
6.0670000000000002,0,0,0,0,942.53997802734375,0,0,6067
6.0750000000000002,0,0,0,0,943.8800048828125,0,0,6075
6.0830000000000002,0,0,0,0,943.30999755859375,0,0,6083
6.0910000000000002,0,0,0,0,943.0999755859375,0,0,6091
6.0990000000000002,0,0,0,0,942.75,0,0,6099
6.1070000000000002,0,0,0,0,942.54998779296875,0,0,6107
6.1150000000000002,0,0,0,0,943.05999755859375,0,0,6115
6.1230000000000002,0,0,0,0,942.03997802734375,0,0,6123
6.1310000000000002,0,0,0,0,942.27001953125,0,0,6131
6.1390000000000002,0,0,0,0,942.1400146484375,0,0,6139
6.1470000000000002,0,0,0,0,942.07000732421875,0,0,6147
6.1550000000000002,0,0,0,0,942.59002685546875,0,0,6155
6.1630000000000003,0,0,0,0,942.22998046875,0,0,6163
6.1710000000000003,0,0,0,0,942.6099853515625,0,0,6171
6.1790000000000003,0,0,0,0,942.91998291015625,0,0,6179
6.1870000000000003,0,0,0,0,942.77001953125,0,0,6187
6.1950000000000003,0,0,0,0,943.69000244140625,0,0,6195
6.2030000000000003,0,0,0,0,943.54998779296875,0,0,6203
6.2110000000000003,0,0,0,0,943.239990234375,0,0,6211
6.2190000000000003,0,0,0,0,942.57000732421875,0,0,6219
6.2270000000000003,0,0,0,0,942.3699951171875,0,0,6227
6.2350000000000003,0,0,0,0,943.02001953125,0,0,6235
6.2430000000000003,0,0,0,0,942.54998779296875,0,0,6243
6.2510000000000003,0,0,0,0,942.91998291015625,0,0,6251
6.2590000000000003,0,0,0,0,942.94000244140625,0,0,6259
6.2670000000000003,0,0,0,0,943.02001953125,0,0,6267
6.2750000000000004,0,0,0,0,942.95001220703125,0,0,6275
6.2830000000000004,0,0,0,0,942.489990234375,0,0,6283
6.2910000000000004,0,0,0,0,943.1500244140625,0,0,6291
6.2990000000000004,0,0,0,0,943.03997802734375,0,0,6299
6.3070000000000004,0,0,0,0,942.3900146484375,0,0,6307
6.3150000000000004,0,0,0,0,942.84002685546875,0,0,6315
6.3230000000000004,0,0,0,0,942.3499755859375,0,0,6323
6.3310000000000004,0,0,0,0,942.91998291015625,0,0,6331
6.3390000000000004,0,0,0,0,943.05999755859375,0,0,6339
6.3470000000000004,0,0,0,0,942.80999755859375,0,0,6347
6.3550000000000004,0,0,0,0,943.08001708984375,0,0,6355
6.3630000000000004,0,0,0,0,942.75,0,0,6363
6.3710000000000004,0,0,0,0,942.9000244140625,0,0,6371
6.3789999999999996,0,0,0,0,942.78997802734375,0,0,6379
6.3869999999999996,0,0,0,0,942.239990234375,0,0,6387
6.3949999999999996,0,0,0,0,943.03997802734375,0,0,6395
6.4029999999999996,0,0,0,0,942.52001953125,0,0,6403
6.4109999999999996,0,0,0,0,943,0,0,6411
6.4189999999999996,0,0,0,0,942.84002685546875,0,0,6419
6.4269999999999996,0,0,0,0,942.59002685546875,0,0,6427
6.4349999999999996,0,0,0,0,943.05999755859375,0,0,6435
6.4429999999999996,0,0,0,0,942.40997314453125,0,0,6443
6.4509999999999996,0,0,0,0,942.489990234375,0,0,6451
6.4589999999999996,0,0,0,0,942.97998046875,0,0,6459
6.4669999999999996,0,0,0,0,942.19000244140625,0,0,6467
6.4749999999999996,0,0,0,0,942.30999755859375,0,0,6475
6.4829999999999997,0,0,0,0,941.9000244140625,0,0,6483
6.4909999999999997,0,0,0,0,942.97998046875,0,0,6491
6.4989999999999997,0,0,0,0,942.94000244140625,0,0,6499
6.5069999999999997,0,0,0,0,943,0,0,6507
6.5149999999999997,0,0,0,0,943.82000732421875,0,0,6515
6.5229999999999997,0,0,0,0,943.0999755859375,0,0,6523
6.5309999999999997,0,0,0,0,943.1099853515625,0,0,6531
6.5389999999999997,0,0,0,0,943.05999755859375,0,0,6539
6.5469999999999997,0,0,0,0,942.489990234375,0,0,6547
6.5549999999999997,0,0,0,0,943.27001953125,0,0,6555
6.5629999999999997,0,0,0,0,942.75,0,0,6563
6.5709999999999997,0,0,0,0,942.8900146484375,0,0,6571
6.5789999999999997,0,0,0,0,942.97998046875,0,0,6579
6.5869999999999997,0,0,0,0,942.3900146484375,0,0,6587
6.5949999999999998,0,0,0,0,943.17999267578125,0,0,6595
6.6029999999999998,0,0,0,0,943.02001953125,0,0,6603
6.6109999999999998,0,0,0,0,943.33001708984375,0,0,6611
6.6189999999999998,0,0,0,0,943.6099853515625,0,0,6619
6.6269999999999998,0,0,0,0,942.59002685546875,0,0,6627
6.6349999999999998,0,0,0,0,943.03997802734375,0,0,6635
6.6429999999999998,0,0,0,0,942.30999755859375,0,0,6643
6.6509999999999998,0,0,0,0,942.33001708984375,0,0,6651
6.6589999999999998,0,0,0,0,943,0,0,6659
6.6669999999999998,0,0,0,0,942.1400146484375,0,0,6667
6.6749999999999998,0,0,0,0,942.97998046875,0,0,6675
6.6829999999999998,0,0,0,0,942.47998046875,0,0,6683
6.6909999999999998,0,0,0,0,943.03997802734375,0,0,6691
6.6989999999999998,0,0,0,0,943.8599853515625,0,0,6699
6.7069999999999999,0,0,0,0,943,0,0,6707
6.7149999999999999,0,0,0,0,943.40997314453125,0,0,6715
6.7229999999999999,0,0,0,0,943,0,0,6723
6.7309999999999999,0,0,0,0,943.239990234375,0,0,6731
6.7389999999999999,0,0,0,0,943.72998046875,0,0,6739
6.7469999999999999,0,0,0,0,943.02001953125,0,0,6747
6.7549999999999999,0,0,0,0,943.02001953125,0,0,6755
6.7629999999999999,0,0,0,0,943,0,0,6763
6.7709999999999999,0,0,0,0,942.94000244140625,0,0,6771
6.7789999999999999,0,0,0,0,942.94000244140625,0,0,6779
6.7869999999999999,0,0,0,0,941.59002685546875,0,0,6787
6.7949999999999999,0,0,0,0,941.9000244140625,0,0,6795
6.8029999999999999,0,0,0,0,942.02001953125,0,0,6803
6.8109999999999999,0,0,0,0,942.489990234375,0,0,6811
6.819,0,0,0,0,943,0,0,6819
6.827,0,0,0,0,942.27001953125,0,0,6827
6.835,0,0,0,0,942.05999755859375,0,0,6835
6.843,0,0,0,0,942.08001708984375,0,0,6843
6.851,0,0,0,0,942.72998046875,0,0,6851
6.859,0,0,0,0,942.96002197265625,0,0,6859
6.867,0,0,0,0,942.05999755859375,0,0,6867
6.875,0,0,0,0,942.40997314453125,0,0,6875
6.883,0,0,0,0,942.16998291015625,0,0,6883
6.891,0,0,0,0,942.3499755859375,0,0,6891
6.899,0,0,0,0,942.760009765625,0,0,6899
6.907,0,0,0,0,942.15997314453125,0,0,6907
6.915,0,0,0,0,943.02001953125,0,0,6915
6.923,0,0,0,0,943.02001953125,0,0,6923
6.931,0,0,0,0,942.75,0,0,6931
6.9390000000000001,0,0,0,0,942.8599853515625,0,0,6939
6.9470000000000001,0,0,0,0,942,0,0,6947
6.9550000000000001,0,0,0,0,942.70001220703125,0,0,6955
6.9630000000000001,0,0,0,0,942.96002197265625,0,0,6963
6.9710000000000001,0,0,0,0,942.54998779296875,0,0,6971
6.9790000000000001,0,0,0,0,942.94000244140625,0,0,6979
6.9870000000000001,0,0,0,0,942.3499755859375,0,0,6987
6.9950000000000001,0,0,0,0,943.0999755859375,0,0,6995
7.0030000000000001,0,0,0,0,942.75,0,0,7003
7.0110000000000001,0,0,0,0,942.30999755859375,0,0,7011
7.0190000000000001,0,0,0,0,942.97998046875,0,0,7019
7.0270000000000001,0,0,0,0,943.02001953125,0,0,7027
7.0350000000000001,0,0,0,0,943.72998046875,0,0,7035
7.0430000000000001,0,0,0,0,943.84002685546875,0,0,7043
7.0510000000000002,0,0,0,0,943.08001708984375,0,0,7051
7.0590000000000002,0,0,0,0,943.28997802734375,0,0,7059
7.0670000000000002,0,0,0,0,943.02001953125,0,0,7067
7.0750000000000002,0,0,0,0,943.05999755859375,0,0,7075
7.0830000000000002,0,0,0,0,942.67999267578125,0,0,7083
7.0910000000000002,0,0,0,0,942.3800048828125,0,0,7091
7.0990000000000002,0,0,0,0,942.96002197265625,0,0,7099
7.1070000000000002,0,0,0,0,942.760009765625,0,0,7107
7.1150000000000002,0,0,0,0,943.15997314453125,0,0,7115
7.1230000000000002,0,0,0,0,943.08001708984375,0,0,7123
7.1310000000000002,0,0,0,0,942.6400146484375,0,0,7131
7.1390000000000002,0,0,0,0,943.05999755859375,0,0,7139
7.1470000000000002,0,0,0,0,942.33001708984375,0,0,7147
7.1550000000000002,0,0,0,0,942.3800048828125,0,0,7155
7.1630000000000003,0,0,0,0,942.71002197265625,0,0,7163
7.1710000000000003,0,0,0,0,942.27001953125,0,0,7171
7.1790000000000003,0,0,0,0,942.8599853515625,0,0,7179
7.1870000000000003,0,0,0,0,942.02001953125,0,0,7187
7.1950000000000003,0,0,0,0,942.8599853515625,0,0,7195
7.2030000000000003,0,0,0,0,943.02001953125,0,0,7203
7.2110000000000003,0,0,0,0,943.02001953125,0,0,7211
7.2190000000000003,0,0,0,0,943.8499755859375,0,0,7219
7.2270000000000003,0,0,0,0,942.42999267578125,0,0,7227
7.2350000000000003,0,0,0,0,942.79998779296875,0,0,7235
7.2430000000000003,0,0,0,0,942.83001708984375,0,0,7243
7.2510000000000003,0,0,0,0,942.05999755859375,0,0,7251
7.2590000000000003,0,0,0,0,942.17999267578125,0,0,7259
7.2670000000000003,0,0,0,0,941.8499755859375,0,0,7267
7.2750000000000004,0,0,0,0,941.6099853515625,0,0,7275
7.2830000000000004,0,0,0,0,941.96002197265625,0,0,7283
7.2910000000000004,0,0,0,0,941.6500244140625,0,0,7291
7.2990000000000004,0,0,0,0,942.6400146484375,0,0,7299
7.3070000000000004,0,0,0,0,941.5999755859375,0,0,7307
7.3150000000000004,0,0,0,0,942.0999755859375,0,0,7315
7.3230000000000004,0,0,0,0,942.1199951171875,0,0,7323
7.3310000000000004,0,0,0,0,942.02001953125,0,0,7331
7.3390000000000004,0,0,0,0,942.219970703125,0,0,7339
7.3470000000000004,0,0,0,0,942.0999755859375,0,0,7347
7.3550000000000004,0,0,0,0,942.1199951171875,0,0,7355
7.3630000000000004,0,0,0,0,942,0,0,7363
7.3710000000000004,0,0,0,0,942.44000244140625,0,0,7371
7.3789999999999996,0,0,0,0,942.96002197265625,0,0,7379
7.3869999999999996,0,0,0,0,942.59002685546875,0,0,7387
7.3949999999999996,0,0,0,0,942.33001708984375,0,0,7395
7.4029999999999996,0,0,0,0,942.469970703125,0,0,7403
7.4109999999999996,0,0,0,0,941.530029296875,0,0,7411
7.4189999999999996,0,0,0,0,942,0,0,7419
7.4269999999999996,0,0,0,0,942,0,0,7427
7.4349999999999996,0,0,0,0,942.6099853515625,0,0,7435
7.4429999999999996,0,0,0,0,942.780029296875,0,0,7443
7.4509999999999996,0,0,0,0,942.08001708984375,0,0,7451
7.4589999999999996,0,0,0,0,942.8800048828125,0,0,7459
7.4669999999999996,0,0,0,0,942.3599853515625,0,0,7467
7.4749999999999996,0,0,0,0,942.40997314453125,0,0,7475
7.4829999999999997,0,0,0,0,942.47998046875,0,0,7483
7.4909999999999997,0,0,0,0,942.05999755859375,0,0,7491
7.4989999999999997,0,0,0,0,942.9000244140625,0,0,7499
7.5069999999999997,0,0,0,0,942.17999267578125,0,0,7507
7.5149999999999997,0,0,0,0,941.95001220703125,0,0,7515
7.5229999999999997,0,0,0,0,942.58001708984375,0,0,7523
7.5309999999999997,0,0,0,0,942.239990234375,0,0,7531
7.5389999999999997,0,0,0,0,942.97998046875,0,0,7539
7.5469999999999997,0,0,0,0,942.30999755859375,0,0,7547
7.5549999999999997,0,0,0,0,942.1099853515625,0,0,7555
7.5629999999999997,0,0,0,0,943.02001953125,0,0,7563
7.5709999999999997,0,0,0,0,942.219970703125,0,0,7571
7.5789999999999997,0,0,0,0,942.97998046875,0,0,7579
7.5869999999999997,0,0,0,0,942.02001953125,0,0,7587
7.5949999999999998,0,0,0,0,942.09002685546875,0,0,7595
7.6029999999999998,0,0,0,0,942.71002197265625,0,0,7603
7.6109999999999998,0,0,0,0,942.91998291015625,0,0,7611
7.6189999999999998,0,0,0,0,943.8800048828125,0,0,7619
7.6269999999999998,0,0,0,0,943.66998291015625,0,0,7627
7.6349999999999998,0,0,0,0,943.03997802734375,0,0,7635
7.6429999999999998,0,0,0,0,943.17999267578125,0,0,7643
7.6509999999999998,0,0,0,0,942.6500244140625,0,0,7651
7.6589999999999998,0,0,0,0,943.780029296875,0,0,7659
7.6669999999999998,0,0,0,0,943.59002685546875,0,0,7667
7.6749999999999998,0,0,0,0,943.03997802734375,0,0,7675
7.6829999999999998,0,0,0,0,943.02001953125,0,0,7683
7.6909999999999998,0,0,0,0,942.3900146484375,0,0,7691
7.6989999999999998,0,0,0,0,943.0999755859375,0,0,7699
7.7069999999999999,0,0,0,0,942.97998046875,0,0,7707
7.7149999999999999,0,0,0,0,942.9000244140625,0,0,7715
7.7229999999999999,0,0,0,0,942.72998046875,0,0,7723
7.7309999999999999,0,0,0,0,942.03997802734375,0,0,7731
7.7389999999999999,0,0,0,0,943.1199951171875,0,0,7739
7.7469999999999999,0,0,0,0,942.69000244140625,0,0,7747
7.7549999999999999,0,0,0,0,942.3699951171875,0,0,7755
7.7629999999999999,0,0,0,0,943.1500244140625,0,0,7763
7.7709999999999999,0,0,0,0,942.17999267578125,0,0,7771
7.7789999999999999,0,0,0,0,942.15997314453125,0,0,7779
7.7869999999999999,0,0,0,0,941.69000244140625,0,0,7787
7.7949999999999999,0,0,0,0,941.33001708984375,0,0,7795
7.8029999999999999,0,0,0,0,942.72998046875,0,0,7803
7.8109999999999999,0,0,0,0,942.8599853515625,0,0,7811
7.819,0,0,0,0,942.97998046875,0,0,7819
7.827,0,0,0,0,942.6300048828125,0,0,7827
7.835,0,0,0,0,942.3699951171875,0,0,7835
7.843,0,0,0,0,943,0,0,7843
7.851,0,0,0,0,942.20001220703125,0,0,7851
7.859,0,0,0,0,942.94000244140625,0,0,7859
7.867,0,0,0,0,942.760009765625,0,0,7867
7.875,0,0,0,0,942.15997314453125,0,0,7875
7.883,0,0,0,0,943.3699951171875,0,0,7883
7.891,0,0,0,0,942.96002197265625,0,0,7891
7.899,0,0,0,0,942.97998046875,0,0,7899
7.907,0,0,0,0,942.3900146484375,0,0,7907
7.915,0,0,0,0,941.8499755859375,0,0,7915
7.923,0,0,0,0,942.59002685546875,0,0,7923
7.931,0,0,0,0,942.02001953125,0,0,7931
7.9390000000000001,0,0,0,0,942.57000732421875,0,0,7939
7.9470000000000001,0,0,0,0,942.6199951171875,0,0,7947
7.9550000000000001,0,0,0,0,942.15997314453125,0,0,7955
7.9630000000000001,0,0,0,0,942.8599853515625,0,0,7963
7.9710000000000001,0,0,0,0,942.25,0,0,7971
7.9790000000000001,0,0,0,0,942.8900146484375,0,0,7979
7.9870000000000001,0,0,0,0,942.66998291015625,0,0,7987
7.9950000000000001,0,0,0,0,942.3499755859375,0,0,7995
8.0030000000000001,0,0,0,0,942.94000244140625,0,0,8003
8.0109999999999992,0,0,0,0,942.3800048828125,0,0,8011
8.0190000000000001,0,0,0,0,942.94000244140625,0,0,8019
8.0269999999999992,0,0,0,0,942.25,0,0,8027
8.0350000000000001,0,0,0,0,942.27001953125,0,0,8035
8.0429999999999993,0,0,0,0,944.02001953125,0,0,8043
8.0510000000000002,0,0,0,0,943,0,0,8051
8.0589999999999993,0,0,0,0,943.05999755859375,0,0,8059
8.0670000000000002,0,0,0,0,943.25,0,0,8067
8.0749999999999993,0,0,0,0,943.02001953125,0,0,8075
8.0830000000000002,0,0,0,0,943.08001708984375,0,0,8083
8.0909999999999993,0,0,0,0,942.25,0,0,8091
8.0990000000000002,0,0,0,0,942.27001953125,0,0,8099
8.1069999999999993,0,0,0,0,941.90997314453125,0,0,8107
8.1150000000000002,0,0,0,0,941.84002685546875,0,0,8115
8.1229999999999993,0,0,0,0,942.17999267578125,0,0,8123
8.1310000000000002,0,0,0,0,941.97998046875,0,0,8131
8.1389999999999993,0,0,0,0,942.82000732421875,0,0,8139
8.1470000000000002,0,0,0,0,942.66998291015625,0,0,8147
8.1549999999999994,0,0,0,0,942.07000732421875,0,0,8155
8.1630000000000003,0,0,0,0,943.22998046875,0,0,8163
8.1709999999999994,0,0,0,0,942.3900146484375,0,0,8171
8.1790000000000003,0,0,0,0,942.96002197265625,0,0,8179
8.1869999999999994,0,0,0,0,942.66998291015625,0,0,8187
8.1950000000000003,0,0,0,0,942.3900146484375,0,0,8195
8.2029999999999994,0,0,0,0,943.239990234375,0,0,8203
8.2110000000000003,0,0,0,0,942.8800048828125,0,0,8211
8.2189999999999994,0,0,0,0,943.1199951171875,0,0,8219
8.2270000000000003,0,0,0,0,943.08001708984375,0,0,8227
8.2349999999999994,0,0,0,0,942.45001220703125,0,0,8235
8.2430000000000003,0,0,0,0,943.19000244140625,0,0,8243
8.2509999999999994,0,0,0,0,942.3900146484375,0,0,8251
8.2590000000000003,0,0,0,0,942.3699951171875,0,0,8259
8.2669999999999995,0,0,0,0,942.02001953125,0,0,8267
8.2750000000000004,0,0,0,0,941.33001708984375,0,0,8275
8.2829999999999995,0,0,0,0,942.04998779296875,0,0,8283
8.2910000000000004,0,0,0,0,942.03997802734375,0,0,8291
8.2989999999999995,0,0,0,0,942.30999755859375,0,0,8299
8.3070000000000004,0,0,0,0,942.9000244140625,0,0,8307
8.3149999999999995,0,0,0,0,943,0,0,8315
8.3230000000000004,0,0,0,0,943.22998046875,0,0,8323
8.3309999999999995,0,0,0,0,942.79998779296875,0,0,8331
8.3390000000000004,0,0,0,0,942.91998291015625,0,0,8339
8.3469999999999995,0,0,0,0,943.219970703125,0,0,8347
8.3550000000000004,0,0,0,0,942.91998291015625,0,0,8355
8.3629999999999995,0,0,0,0,942.97998046875,0,0,8363
8.3710000000000004,0,0,0,0,942.0999755859375,0,0,8371
8.3789999999999996,0,0,0,0,942.25,0,0,8379
8.3870000000000005,0,0,0,0,942.6099853515625,0,0,8387
8.3949999999999996,0,0,0,0,942.28997802734375,0,0,8395
8.4030000000000005,0,0,0,0,943.27001953125,0,0,8403
8.4109999999999996,0,0,0,0,942.97998046875,0,0,8411
8.4190000000000005,0,0,0,0,943.02001953125,0,0,8419
8.4269999999999996,0,0,0,0,943.3499755859375,0,0,8427
8.4350000000000005,0,0,0,0,942.19000244140625,0,0,8435
8.4429999999999996,0,0,0,0,942.1199951171875,0,0,8443
8.4510000000000005,0,0,0,0,942.02001953125,0,0,8451
8.4589999999999996,0,0,0,0,942.52001953125,0,0,8459
8.4670000000000005,0,0,0,0,943.02001953125,0,0,8467
8.4749999999999996,0,0,0,0,942.71002197265625,0,0,8475
8.4830000000000005,0,0,0,0,943.20001220703125,0,0,8483
8.4909999999999997,0,0,0,0,942.84002685546875,0,0,8491
8.4990000000000006,0,0,0,0,943.08001708984375,0,0,8499
8.5069999999999997,0,0,0,0,943.97998046875,0,0,8507
8.5150000000000006,0,0,0,0,944.1199951171875,0,0,8515
8.5229999999999997,0,0,0,0,944.1199951171875,0,0,8523
8.5310000000000006,0,0,0,0,943.27001953125,0,0,8531
8.5389999999999997,0,0,0,0,942.95001220703125,0,0,8539
8.5470000000000006,0,0,0,0,944,0,0,8547
8.5549999999999997,0,0,0,0,943.25,0,0,8555
8.5630000000000006,0,0,0,0,943.30999755859375,0,0,8563
8.5709999999999997,0,0,0,0,942.84002685546875,0,0,8571
8.5790000000000006,0,0,0,0,942.4000244140625,0,0,8579
8.5869999999999997,0,0,0,0,943.08001708984375,0,0,8587
8.5950000000000006,0,0,0,0,942.27001953125,0,0,8595
8.6029999999999998,0,0,0,0,942.05999755859375,0,0,8603
8.6110000000000007,0,0,0,0,942.08001708984375,0,0,8611
8.6189999999999998,0,0,0,0,942.70001220703125,0,0,8619
8.6270000000000007,0,0,0,0,943.1199951171875,0,0,8627
8.6349999999999998,0,0,0,0,942.40997314453125,0,0,8635
8.6430000000000007,0,0,0,0,942.30999755859375,0,0,8643
8.6509999999999998,0,0,0,0,942.05999755859375,0,0,8651
8.6590000000000007,0,0,0,0,942.27001953125,0,0,8659
8.6669999999999998,0,0,0,0,943.1400146484375,0,0,8667
8.6750000000000007,0,0,0,0,942.03997802734375,0,0,8675
8.6829999999999998,0,0,0,0,942.25,0,0,8683
8.6910000000000007,0,0,0,0,942.02001953125,0,0,8691
8.6989999999999998,0,0,0,0,942.05999755859375,0,0,8699
8.7070000000000007,0,0,0,0,942.09002685546875,0,0,8707
8.7149999999999999,0,0,0,0,942.1199951171875,0,0,8715
8.7230000000000008,0,0,0,0,943.02001953125,0,0,8723
8.7309999999999999,0,0,0,0,942.9000244140625,0,0,8731
8.7390000000000008,0,0,0,0,942.8800048828125,0,0,8739
8.7469999999999999,0,0,0,0,943.54998779296875,0,0,8747
8.7550000000000008,0,0,0,0,942.6300048828125,0,0,8755
8.7629999999999999,0,0,0,0,942.05999755859375,0,0,8763
8.7710000000000008,0,0,0,0,942.05999755859375,0,0,8771
8.7789999999999999,0,0,0,0,942.53997802734375,0,0,8779
8.7870000000000008,0,0,0,0,943.0999755859375,0,0,8787
8.7949999999999999,0,0,0,0,942.72998046875,0,0,8795
8.8030000000000008,0,0,0,0,943.25,0,0,8803
8.8109999999999999,0,0,0,0,943.28997802734375,0,0,8811
8.8190000000000008,0,0,0,0,942.530029296875,0,0,8819
8.827,0,0,0,0,943.94000244140625,0,0,8827
8.8350000000000009,0,0,0,0,943.45001220703125,0,0,8835
8.843,0,0,0,0,943.0999755859375,0,0,8843
8.8510000000000009,0,0,0,0,942.8800048828125,0,0,8851
8.859,0,0,0,0,942.780029296875,0,0,8859
8.8670000000000009,0,0,0,0,943.08001708984375,0,0,8867
8.875,0,0,0,0,942.15997314453125,0,0,8875
8.8829999999999991,0,0,0,0,942.94000244140625,0,0,8883
8.891,0,0,0,0,942.79998779296875,0,0,8891
8.8989999999999991,0,0,0,0,942.239990234375,0,0,8899
8.907,0,0,0,0,942.9000244140625,0,0,8907
8.9149999999999991,0,0,0,0,941.94000244140625,0,0,8915
8.923,0,0,0,0,942.40997314453125,0,0,8923
8.9309999999999992,0,0,0,0,942.94000244140625,0,0,8931
8.9390000000000001,0,0,0,0,942.6300048828125,0,0,8939
8.9469999999999992,0,0,0,0,942.91998291015625,0,0,8947
8.9550000000000001,0,0,0,0,942.33001708984375,0,0,8955
8.9629999999999992,0,0,0,0,942.82000732421875,0,0,8963
8.9710000000000001,0,0,0,0,942.83001708984375,0,0,8971
8.9789999999999992,0,0,0,0,942.6099853515625,0,0,8979
8.9870000000000001,0,0,0,0,943,0,0,8987
8.9949999999999992,0,0,0,0,942.6300048828125,0,0,8995
9.0030000000000001,0,0,0,0,942.20001220703125,0,0,9003
9.0109999999999992,0,0,0,0,942.03997802734375,0,0,9011
9.0190000000000001,0,0,0,0,942.1199951171875,0,0,9019
9.0269999999999992,0,0,0,0,942.9000244140625,0,0,9027
9.0350000000000001,0,0,0,0,942.4000244140625,0,0,9035
9.0429999999999993,0,0,0,0,942.489990234375,0,0,9043
9.0510000000000002,0,0,0,0,942.8599853515625,0,0,9051
9.0589999999999993,0,0,0,0,942.08001708984375,0,0,9059
9.0670000000000002,0,0,0,0,942.1400146484375,0,0,9067
9.0749999999999993,0,0,0,0,942.02001953125,0,0,9075
9.0830000000000002,0,0,0,0,942.33001708984375,0,0,9083
9.0909999999999993,0,0,0,0,942.79998779296875,0,0,9091
9.0990000000000002,0,0,0,0,942,0,0,9099
9.1069999999999993,0,0,0,0,942.6500244140625,0,0,9107
9.1150000000000002,0,0,0,0,942.8599853515625,0,0,9115
9.1229999999999993,0,0,0,0,942.96002197265625,0,0,9123
9.1310000000000002,0,0,0,0,942.77001953125,0,0,9131
9.1389999999999993,0,0,0,0,942.0999755859375,0,0,9139
9.1470000000000002,0,0,0,0,943.1400146484375,0,0,9147
9.1549999999999994,0,0,0,0,942.52001953125,0,0,9155
9.1630000000000003,0,0,0,0,942.1400146484375,0,0,9163
9.1709999999999994,0,0,0,0,942,0,0,9171
9.1790000000000003,0,0,0,0,942.04998779296875,0,0,9179
9.1869999999999994,0,0,0,0,942.21002197265625,0,0,9187
9.1950000000000003,0,0,0,0,942.03997802734375,0,0,9195
9.2029999999999994,0,0,0,0,942.3900146484375,0,0,9203
9.2110000000000003,0,0,0,0,942.77001953125,0,0,9211
9.2189999999999994,0,0,0,0,942.07000732421875,0,0,9219
9.2270000000000003,0,0,0,0,942.91998291015625,0,0,9227
9.2349999999999994,0,0,0,0,942,0,0,9235
9.2430000000000003,0,0,0,0,942.75,0,0,9243
9.2509999999999994,0,0,0,0,943.58001708984375,0,0,9251
9.2590000000000003,0,0,0,0,942.29998779296875,0,0,9259
9.2669999999999995,0,0,0,0,943,0,0,9267
9.2750000000000004,0,0,0,0,942.79998779296875,0,0,9275
9.2829999999999995,0,0,0,0,943.27001953125,0,0,9283
9.2910000000000004,0,0,0,0,943.0999755859375,0,0,9291
9.2989999999999995,0,0,0,0,942.15997314453125,0,0,9299
9.3070000000000004,0,0,0,0,942.530029296875,0,0,9307
9.3149999999999995,0,0,0,0,942.17999267578125,0,0,9315
9.3230000000000004,0,0,0,0,942.469970703125,0,0,9323
9.3309999999999995,0,0,0,0,942.91998291015625,0,0,9331
9.3390000000000004,0,0,0,0,942.21002197265625,0,0,9339
9.3469999999999995,0,0,0,0,943.04998779296875,0,0,9347
9.3550000000000004,0,0,0,0,942.94000244140625,0,0,9355
9.3629999999999995,0,0,0,0,943,0,0,9363
9.3710000000000004,0,0,0,0,943.1199951171875,0,0,9371
9.3789999999999996,0,0,0,0,942.6500244140625,0,0,9379
9.3870000000000005,0,0,0,0,942.95001220703125,0,0,9387
9.3949999999999996,0,0,0,0,942.6099853515625,0,0,9395
9.4030000000000005,0,0,0,0,942.21002197265625,0,0,9403
9.4109999999999996,0,0,0,0,942.8800048828125,0,0,9411
9.4190000000000005,0,0,0,0,943.05999755859375,0,0,9419
9.4269999999999996,0,0,0,0,943.02001953125,0,0,9427
9.4350000000000005,0,0,0,0,942.92999267578125,0,0,9435
9.4429999999999996,0,0,0,0,942.75,0,0,9443
9.4510000000000005,0,0,0,0,942.79998779296875,0,0,9451
9.4589999999999996,0,0,0,0,942,0,0,9459
9.4670000000000005,0,0,0,0,942.83001708984375,0,0,9467
9.4749999999999996,0,0,0,0,942.92999267578125,0,0,9475
9.4830000000000005,0,0,0,0,942.96002197265625,0,0,9483
9.4909999999999997,0,0,0,0,942.94000244140625,0,0,9491
9.4990000000000006,0,0,0,0,942.45001220703125,0,0,9499
9.5069999999999997,0,0,0,0,942.58001708984375,0,0,9507
9.5150000000000006,0,0,0,0,942.90997314453125,0,0,9515
9.5229999999999997,0,0,0,0,943.1400146484375,0,0,9523
9.5310000000000006,0,0,0,0,943.66998291015625,0,0,9531
9.5389999999999997,0,0,0,0,942.3699951171875,0,0,9539
9.5470000000000006,0,0,0,0,943.15997314453125,0,0,9547
9.5549999999999997,0,0,0,0,942.54998779296875,0,0,9555
9.5630000000000006,0,0,0,0,942.04998779296875,0,0,9563
9.5709999999999997,0,0,0,0,942.9000244140625,0,0,9571
9.5790000000000006,0,0,0,0,942.15997314453125,0,0,9579
9.5869999999999997,0,0,0,0,942.94000244140625,0,0,9587
9.5950000000000006,0,0,0,0,942.80999755859375,0,0,9595
9.6029999999999998,0,0,0,0,942.32000732421875,0,0,9603
9.6110000000000007,0,0,0,0,942.8599853515625,0,0,9611
9.6189999999999998,0,0,0,0,942.1199951171875,0,0,9619
9.6270000000000007,0,0,0,0,942.94000244140625,0,0,9627
9.6349999999999998,0,0,0,0,943.03997802734375,0,0,9635
9.6430000000000007,0,0,0,0,943.04998779296875,0,0,9643
9.6509999999999998,0,0,0,0,943.02001953125,0,0,9651
9.6590000000000007,0,0,0,0,941.77001953125,0,0,9659
9.6669999999999998,0,0,0,0,942.33001708984375,0,0,9667
9.6750000000000007,0,0,0,0,942.84002685546875,0,0,9675
9.6829999999999998,0,0,0,0,943.02001953125,0,0,9683
9.6910000000000007,0,0,0,0,943.27001953125,0,0,9691
9.6989999999999998,0,0,0,0,942.45001220703125,0,0,9699
9.7070000000000007,0,0,0,0,942.97998046875,0,0,9707
9.7149999999999999,0,0,0,0,942.6300048828125,0,0,9715
9.7230000000000008,0,0,0,0,942.27001953125,0,0,9723
9.7309999999999999,0,0,0,0,942.72998046875,0,0,9731
9.7390000000000008,0,0,0,0,941.94000244140625,0,0,9739
9.7469999999999999,0,0,0,0,942.6099853515625,0,0,9747
9.7550000000000008,0,0,0,0,942.30999755859375,0,0,9755
9.7629999999999999,0,0,0,0,942.03997802734375,0,0,9763
9.7710000000000008,0,0,0,0,942.57000732421875,0,0,9771
9.7789999999999999,0,0,0,0,941.94000244140625,0,0,9779
9.7870000000000008,0,0,0,0,942.55999755859375,0,0,9787
9.7949999999999999,0,0,0,0,942.530029296875,0,0,9795
9.8030000000000008,0,0,0,0,942.03997802734375,0,0,9803
9.8109999999999999,0,0,0,0,942.59002685546875,0,0,9811
9.8190000000000008,0,0,0,0,943,0,0,9819
9.827,0,0,0,0,943.33001708984375,0,0,9827
9.8350000000000009,0,0,0,0,943.69000244140625,0,0,9835
9.843,0,0,0,0,943.05999755859375,0,0,9843
9.8510000000000009,0,0,0,0,943.1500244140625,0,0,9851
9.859,0,0,0,0,942.1099853515625,0,0,9859
9.8670000000000009,0,0,0,0,942.489990234375,0,0,9867
9.875,0,0,0,0,942.59002685546875,0,0,9875
9.8829999999999991,0,0,0,0,942.03997802734375,0,0,9883
9.891,0,0,0,0,942.69000244140625,0,0,9891
9.8989999999999991,0,0,0,0,942.84002685546875,0,0,9899
9.907,0,0,0,0,942.97998046875,0,0,9907
9.9149999999999991,0,0,0,0,942.91998291015625,0,0,9915
9.923,0,0,0,0,942.25,0,0,9923
9.9309999999999992,0,0,0,0,943.219970703125,0,0,9931
9.9390000000000001,0,0,0,0,942.30999755859375,0,0,9939
9.9469999999999992,0,0,0,0,942.40997314453125,0,0,9947
9.9550000000000001,0,0,0,0,942.489990234375,0,0,9955
9.9629999999999992,0,0,0,0,942.3499755859375,0,0,9963
9.9710000000000001,0,0,0,0,942.97998046875,0,0,9971
9.9789999999999992,0,0,0,0,942.02001953125,0,0,9979
9.9870000000000001,0,0,0,0,942.27001953125,0,0,9987
9.9949999999999992,0,0,0,0,942.530029296875,0,0,9995
10.003,0,0,0,0,942.20001220703125,0,0,10003
10.010999999999999,0,0,0,0,942.94000244140625,0,0,10011
10.019,0,0,0,0,942.17999267578125,0,0,10019
10.026999999999999,0,0,0,0,942.77001953125,0,0,10027
10.035,0,0,0,0,943.08001708984375,0,0,10035
10.042999999999999,0,0,0,0,942.42999267578125,0,0,10043
10.051,0,0,0,0,943.15997314453125,0,0,10051
10.058999999999999,0,0,0,0,942.05999755859375,0,0,10059
10.067,0,0,0,0,942.9000244140625,0,0,10067
10.074999999999999,0,0,0,0,942.90997314453125,0,0,10075
10.083,0,0,0,0,942.42999267578125,0,0,10083
10.090999999999999,0,0,0,0,943.02001953125,0,0,10091
10.099,0,0,0,0,942.6099853515625,0,0,10099
10.106999999999999,0,0,0,0,942.6500244140625,0,0,10107
10.115,0,0,0,0,942.8900146484375,0,0,10115
10.122999999999999,0,0,0,0,942.20001220703125,0,0,10123
10.131,0,0,0,0,943.02001953125,0,0,10131
10.138999999999999,0,0,0,0,942.15997314453125,0,0,10139
10.147,0,0,0,0,942.469970703125,0,0,10147
10.154999999999999,0,0,0,0,942.92999267578125,0,0,10155
10.163,0,0,0,0,942.5,0,0,10163
10.170999999999999,0,0,0,0,943.1400146484375,0,0,10171
10.179,0,0,0,0,942.6500244140625,0,0,10179
10.186999999999999,0,0,0,0,942.17999267578125,0,0,10187
10.195,0,0,0,0,942.1400146484375,0,0,10195
10.202999999999999,0,0,0,0,941.17999267578125,0,0,10203
10.211,0,0,0,0,941.219970703125,0,0,10211
10.218999999999999,0,0,0,0,941.08001708984375,0,0,10219
10.227,0,0,0,0,941.45001220703125,0,0,10227
10.234999999999999,0,0,0,0,942.30999755859375,0,0,10235
10.243,0,0,0,0,941.95001220703125,0,0,10243
10.250999999999999,0,0,0,0,943.0999755859375,0,0,10251
10.259,0,0,0,0,942.54998779296875,0,0,10259
10.266999999999999,0,0,0,0,942.33001708984375,0,0,10267
10.275,0,0,0,0,942.97998046875,0,0,10275
10.282999999999999,0,0,0,0,942.1099853515625,0,0,10283
10.291,0,0,0,0,943.1199951171875,0,0,10291
10.298999999999999,0,0,0,0,942.82000732421875,0,0,10299
10.307,0,0,0,0,942.66998291015625,0,0,10307
10.315,0,0,0,0,942.91998291015625,0,0,10315
10.323,0,0,0,0,942.1400146484375,0,0,10323
10.331,0,0,0,0,943.32000732421875,0,0,10331
10.339,0,0,0,0,943.03997802734375,0,0,10339
10.347,0,0,0,0,943.0999755859375,0,0,10347
10.355,0,0,0,0,943.75,0,0,10355
10.363,0,0,0,0,942.72998046875,0,0,10363
10.371,0,0,0,0,943.20001220703125,0,0,10371
10.379,0,0,0,0,943.03997802734375,0,0,10379
10.387,0,0,0,0,942.8800048828125,0,0,10387
10.395,0,0,0,0,943.30999755859375,0,0,10395
10.403,0,0,0,0,943.1199951171875,0,0,10403
10.411,0,0,0,0,943.3900146484375,0,0,10411
10.419,0,0,0,0,943.25,0,0,10419
10.427,0,0,0,0,942.69000244140625,0,0,10427
10.435,0,0,0,0,943.79998779296875,0,0,10435
10.443,0,0,0,0,942.66998291015625,0,0,10443
10.451000000000001,0,0,0,0,942.239990234375,0,0,10451
10.459,0,0,0,0,941.97998046875,0,0,10459
10.467000000000001,0,0,0,0,942.45001220703125,0,0,10467
10.475,0,0,0,0,943,0,0,10475
10.483000000000001,0,0,0,0,942.1400146484375,0,0,10483
10.491,0,0,0,0,943.03997802734375,0,0,10491
10.499000000000001,0,0,0,0,942.84002685546875,0,0,10499
10.507,0,0,0,0,942.510009765625,0,0,10507
10.515000000000001,0,0,0,0,942.8599853515625,0,0,10515
10.523,0,0,0,0,942.15997314453125,0,0,10523
10.531000000000001,0,0,0,0,942.45001220703125,0,0,10531
10.539,0,0,0,0,942.15997314453125,0,0,10539
10.547000000000001,0,0,0,0,942.3900146484375,0,0,10547
10.555,0,0,0,0,943.08001708984375,0,0,10555
10.563000000000001,0,0,0,0,942.219970703125,0,0,10563
10.571,0,0,0,0,943.20001220703125,0,0,10571
10.579000000000001,0,0,0,0,943.02001953125,0,0,10579
10.587,0,0,0,0,942.97998046875,0,0,10587
10.595000000000001,0,0,0,0,943.9000244140625,0,0,10595
10.603,0,0,0,0,943.219970703125,0,0,10603
10.611000000000001,0,0,0,0,943.780029296875,0,0,10611
10.619,0,0,0,0,943.8599853515625,0,0,10619
10.627000000000001,0,0,0,0,943.29998779296875,0,0,10627
10.635,0,0,0,0,942.91998291015625,0,0,10635
10.643000000000001,0,0,0,0,942.20001220703125,0,0,10643
10.651,0,0,0,0,942.25,0,0,10651
10.659000000000001,0,0,0,0,942.0999755859375,0,0,10659
10.667,0,0,0,0,942.25,0,0,10667
10.675000000000001,0,0,0,0,942.82000732421875,0,0,10675
10.683,0,0,0,0,942.28997802734375,0,0,10683
10.691000000000001,0,0,0,0,942.469970703125,0,0,10691
10.699,0,0,0,0,942.72998046875,0,0,10699
10.707000000000001,0,0,0,0,942.66998291015625,0,0,10707
10.715,0,0,0,0,943.02001953125,0,0,10715
10.723000000000001,0,0,0,0,942.1400146484375,0,0,10723
10.731,0,0,0,0,942.25,0,0,10731
10.739000000000001,0,0,0,0,942.08001708984375,0,0,10739
10.747,0,0,0,0,942.1199951171875,0,0,10747
10.755000000000001,0,0,0,0,942.95001220703125,0,0,10755
10.763,0,0,0,0,942.1199951171875,0,0,10763
10.771000000000001,0,0,0,0,942.40997314453125,0,0,10771
10.779,0,0,0,0,942.75,0,0,10779
10.787000000000001,0,0,0,0,942.489990234375,0,0,10787
10.795,0,0,0,0,943.02001953125,0,0,10795
10.803000000000001,0,0,0,0,942.1199951171875,0,0,10803
10.811,0,0,0,0,942.08001708984375,0,0,10811
10.819000000000001,0,0,0,0,941.91998291015625,0,0,10819
10.827,0,0,0,0,942.33001708984375,0,0,10827
10.835000000000001,0,0,0,0,943.469970703125,0,0,10835
10.843,0,0,0,0,943.92999267578125,0,0,10843
10.851000000000001,0,0,0,0,944.28997802734375,0,0,10851
10.859,0,0,0,0,944.6300048828125,0,0,10859
10.867000000000001,0,0,0,0,943.03997802734375,0,0,10867
10.875,0,0,0,0,943.3499755859375,0,0,10875
10.882999999999999,0,0,0,0,942.84002685546875,0,0,10883
10.891,0,0,0,0,942.66998291015625,0,0,10891
10.898999999999999,0,0,0,0,942.69000244140625,0,0,10899
10.907,0,0,0,0,942.27001953125,0,0,10907
10.914999999999999,0,0,0,0,943,0,0,10915
10.923,0,0,0,0,942.25,0,0,10923
10.930999999999999,0,0,0,0,942.3699951171875,0,0,10931
10.939,0,0,0,0,942.97998046875,0,0,10939
10.946999999999999,0,0,0,0,942.96002197265625,0,0,10947
10.955,0,0,0,0,943.17999267578125,0,0,10955
10.962999999999999,0,0,0,0,942.59002685546875,0,0,10963
10.971,0,0,0,0,942.65997314453125,0,0,10971
10.978999999999999,0,0,0,0,942.469970703125,0,0,10979
10.987,0,0,0,0,942.1400146484375,0,0,10987
10.994999999999999,0,0,0,0,942.15997314453125,0,0,10995
11.003,0,0,0,0,942.03997802734375,0,0,11003
11.010999999999999,0,0,0,0,942.3599853515625,0,0,11011
11.019,0,0,0,0,942.54998779296875,0,0,11019
11.026999999999999,0,0,0,0,942.0999755859375,0,0,11027
11.035,0,0,0,0,943,0,0,11035
11.042999999999999,0,0,0,0,941.97998046875,0,0,11043
11.051,0,0,0,0,942.42999267578125,0,0,11051
11.058999999999999,0,0,0,0,942.94000244140625,0,0,11059
11.067,0,0,0,0,942.739990234375,0,0,11067
11.074999999999999,0,0,0,0,944.28997802734375,0,0,11075
11.083,0,0,0,0,943.91998291015625,0,0,11083
11.090999999999999,0,0,0,0,943.0999755859375,0,0,11091
11.099,0,0,0,0,943,0,0,11099
11.106999999999999,0,0,0,0,943,0,0,11107
11.115,0,0,0,0,943.57000732421875,0,0,11115
11.122999999999999,0,0,0,0,943.75,0,0,11123
11.131,0,0,0,0,944,0,0,11131
11.138999999999999,0,0,0,0,944.07000732421875,0,0,11139
11.147,0,0,0,0,943.66998291015625,0,0,11147
11.154999999999999,0,0,0,0,943.219970703125,0,0,11155
11.163,0,0,0,0,943.05999755859375,0,0,11163
11.170999999999999,0,0,0,0,942.510009765625,0,0,11171
11.179,0,0,0,0,942.95001220703125,0,0,11179
11.186999999999999,0,0,0,0,942.72998046875,0,0,11187
11.195,0,0,0,0,942.469970703125,0,0,11195
11.202999999999999,0,0,0,0,942.780029296875,0,0,11203
11.211,0,0,0,0,942.6099853515625,0,0,11211
11.218999999999999,0,0,0,0,942.84002685546875,0,0,11219
11.227,0,0,0,0,942.59002685546875,0,0,11227
11.234999999999999,0,0,0,0,943,0,0,11235
11.243,0,0,0,0,942.59002685546875,0,0,11243
11.250999999999999,0,0,0,0,942.6300048828125,0,0,11251
11.259,0,0,0,0,942.97998046875,0,0,11259
11.266999999999999,0,0,0,0,942.77001953125,0,0,11267
11.275,0,0,0,0,942.82000732421875,0,0,11275
11.282999999999999,0,0,0,0,942.20001220703125,0,0,11283
11.291,0,0,0,0,942.08001708984375,0,0,11291
11.298999999999999,0,0,0,0,942.219970703125,0,0,11299
11.307,0,0,0,0,942.07000732421875,0,0,11307
11.315,0,0,0,0,942.94000244140625,0,0,11315
11.323,0,0,0,0,942.91998291015625,0,0,11323
11.331,0,0,0,0,942.1199951171875,0,0,11331
11.339,0,0,0,0,942.30999755859375,0,0,11339
11.347,0,0,0,0,942.27001953125,0,0,11347
11.355,0,0,0,0,943,0,0,11355
11.363,0,0,0,0,942.96002197265625,0,0,11363
11.371,0,0,0,0,943.08001708984375,0,0,11371
11.379,0,0,0,0,942.8599853515625,0,0,11379
11.387,0,0,0,0,942.17999267578125,0,0,11387
11.395,0,0,0,0,942.20001220703125,0,0,11395
11.403,0,0,0,0,942.0999755859375,0,0,11403
11.411,0,0,0,0,942.33001708984375,0,0,11411
11.419,0,0,0,0,942.8800048828125,0,0,11419
11.427,0,0,0,0,942.27001953125,0,0,11427
11.435,0,0,0,0,943.07000732421875,0,0,11435
11.443,0,0,0,0,943.03997802734375,0,0,11443
11.451000000000001,0,0,0,0,942.97998046875,0,0,11451
11.459,0,0,0,0,943.03997802734375,0,0,11459
11.467000000000001,0,0,0,0,942.97998046875,0,0,11467
11.475,0,0,0,0,943.0999755859375,0,0,11475
11.483000000000001,0,0,0,0,943.04998779296875,0,0,11483
11.491,0,0,0,0,942.91998291015625,0,0,11491
11.499000000000001,0,0,0,0,942.8800048828125,0,0,11499
11.507,0,0,0,0,942.1199951171875,0,0,11507
11.515000000000001,0,0,0,0,942.08001708984375,0,0,11515
11.523,0,0,0,0,942.34002685546875,0,0,11523
11.531000000000001,0,0,0,0,942.8599853515625,0,0,11531
11.539,0,0,0,0,942.96002197265625,0,0,11539
11.547000000000001,0,0,0,0,943.05999755859375,0,0,11547
11.555,0,0,0,0,943.08001708984375,0,0,11555
11.563000000000001,0,0,0,0,942.92999267578125,0,0,11563
11.571,0,0,0,0,942.84002685546875,0,0,11571
11.579000000000001,0,0,0,0,943.05999755859375,0,0,11579
11.587,0,0,0,0,942.9000244140625,0,0,11587
11.595000000000001,0,0,0,0,943,0,0,11595
11.603,0,0,0,0,942.96002197265625,0,0,11603
11.611000000000001,0,0,0,0,942.3599853515625,0,0,11611
11.619,0,0,0,0,942.27001953125,0,0,11619
11.627000000000001,0,0,0,0,942.03997802734375,0,0,11627
11.635,0,0,0,0,942.05999755859375,0,0,11635
11.643000000000001,0,0,0,0,941.96002197265625,0,0,11643
11.651,0,0,0,0,941.29998779296875,0,0,11651
11.659000000000001,0,0,0,0,942.02001953125,0,0,11659
11.667,0,0,0,0,942.1400146484375,0,0,11667
11.675000000000001,0,0,0,0,942.66998291015625,0,0,11675
11.683,0,0,0,0,942.96002197265625,0,0,11683
11.691000000000001,0,0,0,0,943.07000732421875,0,0,11691
11.699,0,0,0,0,943.05999755859375,0,0,11699
11.707000000000001,0,0,0,0,942.97998046875,0,0,11707
11.715,0,0,0,0,942.9000244140625,0,0,11715
11.723000000000001,0,0,0,0,943.0999755859375,0,0,11723
11.731,0,0,0,0,942.91998291015625,0,0,11731
11.739000000000001,0,0,0,0,943.15997314453125,0,0,11739
11.747,0,0,0,0,942.91998291015625,0,0,11747
11.755000000000001,0,0,0,0,943.27001953125,0,0,11755
11.763,0,0,0,0,944,0,0,11763
11.771000000000001,0,0,0,0,943.97998046875,0,0,11771
11.779,0,0,0,0,944,0,0,11779
11.787000000000001,0,0,0,0,943.30999755859375,0,0,11787
11.795,0,0,0,0,943.3900146484375,0,0,11795
11.803000000000001,0,0,0,0,943.82000732421875,0,0,11803
11.811,0,0,0,0,943.1400146484375,0,0,11811
11.819000000000001,0,0,0,0,943.29998779296875,0,0,11819
11.827,0,0,0,0,943.05999755859375,0,0,11827
11.835000000000001,0,0,0,0,943.02001953125,0,0,11835
11.843,0,0,0,0,943.03997802734375,0,0,11843
11.851000000000001,0,0,0,0,942.97998046875,0,0,11851
11.859,0,0,0,0,943.30999755859375,0,0,11859
11.867000000000001,0,0,0,0,942.5999755859375,0,0,11867
11.875,0,0,0,0,942.3499755859375,0,0,11875
11.882999999999999,0,0,0,0,942.219970703125,0,0,11883
11.891,0,0,0,0,942.239990234375,0,0,11891
11.898999999999999,0,0,0,0,943,0,0,11899
11.907,0,0,0,0,942.45001220703125,0,0,11907
11.914999999999999,0,0,0,0,942.97998046875,0,0,11915
11.923,0,0,0,0,942.97998046875,0,0,11923
11.930999999999999,0,0,0,0,942.489990234375,0,0,11931
11.939,0,0,0,0,943.02001953125,0,0,11939
11.946999999999999,0,0,0,0,942.8599853515625,0,0,11947
11.955,0,0,0,0,942.97998046875,0,0,11955
11.962999999999999,0,0,0,0,943.33001708984375,0,0,11963
11.971,0,0,0,0,942.91998291015625,0,0,11971
11.978999999999999,0,0,0,0,943,0,0,11979
11.987,0,0,0,0,943.0999755859375,0,0,11987
11.994999999999999,0,0,0,0,943,0,0,11995
12.003,0,0,0,0,942.72998046875,0,0,12003
12.010999999999999,0,0,0,0,942.02001953125,0,0,12011
12.019,0,0,0,0,942.1199951171875,0,0,12019
12.026999999999999,0,0,0,0,942.59002685546875,0,0,12027
12.035,0,0,0,0,942.20001220703125,0,0,12035
12.042999999999999,0,0,0,0,942.1400146484375,0,0,12043
12.051,0,0,0,0,942.6300048828125,0,0,12051
12.058999999999999,0,0,0,0,943.03997802734375,0,0,12059
12.067,0,0,0,0,942.84002685546875,0,0,12067
